Species,Group,Family,Low.Mobility,Detri.,Mono.,Olig.,Poly.,Poll.,Pred.,Mass,Grassland_specialist
Acupalpus_meridianus,Coleoptera,Carabidae,0,0,0,0,0,0,1,0.411597664,0
Adelphocoris_lineolatus,Heteroptera,Miridae,0,0,0,0,1,0,0,8.564179901,0
Agriotes_lineatus,Coleoptera,Elateridae,0,0,0,0,1,0,0,14.44826847,0
Agriotes_obscurus,Coleoptera,Elateridae,0,0,0,0,1,0,0,8.305722649,0
Agriotes_sputator,Coleoptera,Elateridae,0,0,0,0,1,0,0,5.983569633,0
Aleocharinae,Coleoptera,Staphylinidae,0,0,0,0,0,0,1,0.336436156,0
Alopecosa_cuneata,Araneae,Lycosidae,0,0,0,0,0,0,1,5.983569633,1
Alopecosa_pulverulenta,Araneae,Lycosidae,0,0,0,0,0,0,1,9.647509482,0
Amara_aenea,Coleoptera,Carabidae,0,0,0,0,1,0,0,5.776794853,0
Amara_apricaria,Coleoptera,Carabidae,0,0,0,0,1,0,0,6.410701262,0
Amara_communis,Coleoptera,Carabidae,0,0,0,0,1,0,0,4.809328662,0
Amara_convexior,Coleoptera,Carabidae,0,0,0,0,1,0,0,6.856189593,0
Amara_familiaris,Coleoptera,Carabidae,0,0,0,0,1,0,0,3.949038531,0
Amara_lunicollis,Coleoptera,Carabidae,0,0,0,0,1,0,0,5.776794853,0
Amara_montivaga,Coleoptera,Carabidae,0,0,0,0,1,0,0,8.052144665,1
Amara_ovata,Coleoptera,Carabidae,0,0,0,0,1,0,0,8.827551933,0
Amara_similata,Coleoptera,Carabidae,0,0,0,0,1,0,1,8.827551933,0
Anchomenus_dorsalis,Coleoptera,Carabidae,0,0,0,0,0,0,1,4.28060299,0
Andrena_flavipes,Hymenoptera,Andrenidae,0,0,0,0,1,1,0,15.55657212,0
Andrena_minutula,Hymenoptera,Andrenidae,0,0,0,0,1,1,0,4.611217273,0
Andrena_minutuloides,Hymenoptera,Andrenidae,0,0,0,0,1,1,0,4.299250773,0
Anisodactylus_binotatus,Coleoptera,Carabidae,0,0,0,0,0,0,1,15.55500227,0
Aphrodes_albifrons,Homoptera,Cicadellidae,0,0,0,1,0,0,0,1.569338486,0
Aphrodes_bicinctus,Homoptera,Cicadellidae,0,0,0,1,0,0,0,3.482282554,0
Aphrodes_makarovi,Homoptera,Cicadellidae,0,0,0,0,1,0,0,4.28060299,0
Aphrodes_serratulae,Homoptera,Cicadellidae,0,0,0,1,0,0,0,1.007703722,0
Aphthona_euphorbiae,Coleoptera,Chrysomelidae,0,0,0,0,1,0,0,0.113268141,0
Aphthona_nigriceps,Coleoptera,Chrysomelidae,0,0,0,1,0,0,0,0.113268141,0
Apis_mellifera,Hymenoptera,Apidae,0,0,0,0,1,1,0,51.50320439,0
Arboridia_parvula,Homoptera,Cicadellidae,0,0,0,1,0,0,0,0.411597664,1
Argynnis_aglaja,Lepidoptera,Nymphalidae,0,0,0,1,0,1,0,1579.690764,0
Aricia_agestis,Lepidoptera,Lycaenidae,0,0,0,1,0,1,0,188.7356241,1
Arthaldeus_striifrons,Homoptera,Cicadellidae,0,0,0,1,0,0,0,0.874605877,0
Athous_bicolor,Coleoptera,Elateridae,0,0,0,0,1,0,0,9.647509482,0
Athysanus_argentarius,Homoptera,Cicadellidae,0,0,0,1,0,0,0,5.776794853,0
Badister_meridionalis,Coleoptera,Carabidae,0,0,0,0,0,0,1,2.530296939,0
Bathyphantes_gracilis,Araneae,Linyphiidae,0,0,0,0,0,0,1,0.187498772,0
Bembecia_ichneumoniformis,Lepidoptera,Sesiidae,0,0,0,1,0,1,0,88.8207409,1
Bembidion_guttula,Coleoptera,Carabidae,0,0,0,0,0,0,1,0.591108871,0
Bembidion_lampros,Coleoptera,Carabidae,0,0,0,0,0,0,1,0.812377929,0
Bembidion_lunulatum,Coleoptera,Carabidae,0,0,0,0,0,0,1,0.812377929,0
Bembidion_obtusum,Coleoptera,Carabidae,0,0,0,0,0,0,1,0.642381141,0
Berytinus_crassipes,Heteroptera,Berytidae,0,0,0,1,0,0,0,1.569338486,1
Bombus_hortorum,Hymenoptera,Apidae,0,0,0,0,1,1,0,117.6594074,0
Bombus_lapidarius,Hymenoptera,Apidae,0,0,0,0,1,1,0,96.48452571,0
Bombus_lucorum,Hymenoptera,Apidae,0,0,0,0,1,1,0,76.06042196,0
Bombus_pascuorum,Hymenoptera,Apidae,0,0,0,0,1,1,0,88.42877701,0
Bombus_pratorum,Hymenoptera,Apidae,0,0,0,0,1,1,0,96.48452571,0
Brachinus_crepitans,Coleoptera,Carabidae,0,0,0,0,0,0,1,7.803410279,1
Bradycellus_verbasci,Coleoptera,Carabidae,0,0,0,0,0,0,1,2.068241512,0
Bruchus_loti,Coleoptera,Bruchidae,0,0,0,1,0,0,0,0.812377929,0
Calathus_fuscipes,Coleoptera,Carabidae,0,0,0,0,0,0,1,17.11004134,0
Calathus_melanocephalus,Coleoptera,Carabidae,0,0,0,0,0,0,1,5.574497601,0
Calathus_rotundicollis,Coleoptera,Carabidae,0,0,0,0,0,0,1,12.7145162,0
Calocoris_roseomaculatus,Heteroptera,Miridae,0,0,0,0,1,0,0,5.574497601,1
Calosirus_terminatus,Coleoptera,Curculionidae,0,0,0,1,0,0,0,0.411597664,1
Cassida_rubiginosa,Coleoptera,Chrysomelidae,0,0,0,1,0,0,0,4.540207734,0
Catapion_pubescens,Coleoptera,Apionidae,0,0,0,1,0,0,0,0.175465008,0
Catapion_seniculus,Coleoptera,Apionidae,0,0,0,1,0,0,0,0.163920879,0
Ceratapion_onopordi,Coleoptera,Apionidae,0,0,0,1,0,0,0,0.391925958,0
Ceutorhynchus_assimilis,Coleoptera,Curculionidae,0,0,0,1,0,0,0,0.973333701,0
Chaetocnema_concinna,Coleoptera,Chrysomelidae,0,0,0,1,0,0,0,0.200029917,0
Cheilosia_sp.,Diptera,Syrphidae,0,0,0,0,1,1,0,1.858454279,0
Coenonympha_pamphilus,Lepidoptera,Satyridae,0,0,0,1,0,1,0,246.4151907,1
Curtonotus_convexiusculus,Coleoptera,Carabidae,0,0,0,0,0,0,1,22.81413848,0
Cyanapion_spencii,Coleoptera,Apionidae,0,0,0,1,0,0,0,0.411597664,0
Deltocephalus_pulicaris,Homoptera,Cicadellidae,0,0,0,1,0,0,0,0.496343791,0
Drymus_sylvaticus,Heteroptera,Lygaeidae,0,0,0,1,0,0,0,1.569338486,0
Enoplognatha_ovata,Araneae,Theridiidae,0,0,0,0,0,0,1,1.569338486,0
Erigone_arcica,Araneae,Linyphiidae,0,0,0,0,0,0,1,0.496343791,0
Erigone_atra,Araneae,Linyphiidae,0,0,0,0,0,0,1,0.270412504,0
Eristalis_arbustorum,Diptera,Syrphidae,0,1,0,0,0,1,0,2.014491599,0
Eristalis_interruptus,Diptera,Syrphidae,0,1,0,0,0,1,0,6.631132386,0
Eristalis_tenax,Diptera,Syrphidae,0,1,0,0,0,1,0,1.078671265,0
Eupeodes_corollae,Diptera,Syrphidae,0,0,0,0,0,1,1,2.915358459,0
Eupteryx_origani,Homoptera,Cicadellidae,0,0,1,0,0,0,0,0.642381141,0
Eupteryx_vittata,Homoptera,Cicadellidae,0,0,0,1,0,0,0,0.642381141,0
Euscelis_incisus,Homoptera,Cicadellidae,0,0,0,1,0,0,0,0.812377929,0
Eutrichapion_ervi,Coleoptera,Apionidae,0,0,0,1,0,0,0,0.240684024,0
Evacanthus_interruptus,Homoptera,Cicadellidae,0,0,0,0,1,0,0,3.482282554,0
Gabrius_breviventer,Coleoptera,Staphylinidae,0,0,0,0,0,0,1,1.190781284,0
Glocianus_punctiger,Coleoptera,Curculionidae,0,0,1,0,0,0,0,0.806310765,0
Halictus_tumulorum,Hymenoptera,Halictidae,0,0,0,0,1,1,0,5.10375984,0
Harpalus_rufipes,Coleoptera,Carabidae,0,0,0,0,1,0,0,27.91093034,0
Helophilus_pendulus,Diptera,Syrphidae,0,1,0,0,0,1,0,1.435957851,0
Helophilus_trivittatus,Diptera,Syrphidae,0,1,0,0,0,1,0,0.542447269,0
Hesperia_comma,Lepidoptera,Hesperiidae,0,0,1,0,0,1,0,290.2728131,1
Himacerus_major,Heteroptera,Nabidae,0,0,0,0,0,0,1,7.803410279,0
Hylaeus_sp.,Hymenoptera,Colletidae,0,0,0,0,1,1,0,4.772097696,0
Hypera_nigrirostris,Coleoptera,Curculionidae,0,0,1,0,0,0,0,0.939698117,0
Hypera_postica,Coleoptera,Curculionidae,0,0,0,1,0,0,0,1.662361064,0
Hypera_zoilus,Coleoptera,Curculionidae,0,0,0,1,0,0,0,6.302208969,0
Hypsosinga_pygmaea,Araneae,Araneidae,0,0,0,0,0,0,1,0.642381141,0
Ischnopterapion_loti,Coleoptera,Apionidae,0,0,1,0,0,0,0,0.255280732,0
Ischnopterapion_virens,Coleoptera,Apionidae,0,0,0,1,0,0,0,0.240684024,0
Javesella_pellucida,Homoptera,Delphacidae,0,0,0,0,1,0,0,0.812377929,0
Lasioglossum_albipes,Hymenoptera,Halictidae,0,0,0,0,1,1,0,6.467678917,0
Lasioglossum_calceatum,Hymenoptera,Halictidae,0,0,0,0,1,1,0,8.364141852,0
Lasioglossum_fulvicorne,Hymenoptera,Halictidae,0,0,0,0,1,1,0,3.713886004,0
Lasioglossum_leucozonium,Hymenoptera,Halictidae,0,0,0,0,1,1,0,8.59292423,0
Lasioglossum_pauxillum,Hymenoptera,Halictidae,0,0,0,0,1,1,0,3.242952906,0
Lasioglossum_sp.,Hymenoptera,Halictidae,0,0,0,0,1,1,0,5.188753587,0
Lasius_alienus,Hymenoptera,Formicidae,0,0,0,0,0,0,1,1.007703722,0
Lasius_flavus,Hymenoptera,Formicidae,0,0,0,0,0,0,1,1.30982411,1
Lasius_niger,Hymenoptera,Formicidae,0,0,0,0,0,0,1,0.812377929,0
Lema_cyanella,Coleoptera,Chrysomelidae,0,0,0,1,0,0,0,0.812377929,0
Lepthyphantes_tenuis,Araneae,Linyphiidae,0,0,0,0,0,0,1,0.372846449,0
Leptopterna_dolabrata,Heteroptera,Miridae,0,0,0,1,0,0,0,5.183185034,0
Longitarsus_atricillus,Coleoptera,Chrysomelidae,0,0,0,1,0,0,0,0.336436156,0
Longitarsus_flavicornis,Coleoptera,Chrysomelidae,0,0,0,1,0,0,0,0.474234748,0
Longitarsus_luridus,Coleoptera,Chrysomelidae,0,0,0,0,1,0,0,0.175465008,0
Longitarsus_melanocephalus,Coleoptera,Chrysomelidae,0,0,0,1,0,0,0,0.411597664,0
Longitarsus_nasturtii,Coleoptera,Chrysomelidae,0,0,0,1,0,0,0,0.175465008,1
Longitarsus_pratensis,Coleoptera,Chrysomelidae,0,0,0,1,0,0,0,0.096154339,0
Longitarsus_succineus,Coleoptera,Chrysomelidae,0,0,0,1,0,0,0,0.200029917,0
Loricera_pilicornis,Coleoptera,Carabidae,0,0,0,0,0,0,1,4.809328662,0
Lygus_maritimus,Heteroptera,Miridae,0,0,0,0,1,0,0,2.783251617,0
Lysandra_coridon,Lepidoptera,Lycaenidae,0,0,1,0,0,1,0,420.0808291,1
Maniola_jurtina,Lepidoptera,Satyridae,0,0,0,0,1,1,0,862.186564,0
Mecinus_pascuorum,Coleoptera,Curculionidae,0,0,1,0,0,0,0,0.132147675,0
Mecinus_pyraster,Coleoptera,Curculionidae,0,0,0,1,0,0,0,0.69631598,0
Megalonotus_chiragra,Heteroptera,Lygaeidae,0,0,0,1,0,0,0,2.068241512,0
Megophthalmus_scanicus,Homoptera,Cicadellidae,0,0,0,1,0,0,0,0.240684024,0
Meioneta_rurestris,Araneae,Linyphiidae,0,0,0,0,0,0,1,0.163920879,0
Melanargia_galathea,Lepidoptera,Satyridae,0,0,0,1,0,1,0,1160.252386,0
Melanostoma_scalare,Diptera,Syrphidae,0,1,0,0,0,1,0,3.334694977,0
Micrargus_subaequalis,Araneae,Linyphiidae,0,0,0,0,0,0,1,0.122483056,0
Microlestes_minutulus,Coleoptera,Carabidae,0,0,0,0,0,0,1,0.213066117,0
Myathropa_florea,Diptera,Syrphidae,0,1,0,0,0,1,0,3.334694977,0
Myrmica_lobicornis,Hymenoptera,Formicidae,0,0,0,0,0,0,1,1.961614075,0
Myrmica_rubra,Hymenoptera,Formicidae,0,0,0,0,0,0,1,1.961614075,0
Myrmica_ruginodis,Hymenoptera,Formicidae,0,0,0,0,0,0,1,1.961614075,0
Myrmica_sabuleti,Hymenoptera,Formicidae,0,0,0,0,0,0,1,1.961614075,0
Myrmica_scabrinodis,Hymenoptera,Formicidae,0,0,0,0,0,0,1,1.961614075,0
Nebria_brevicollis,Coleoptera,Carabidae,0,0,0,0,0,0,1,17.92216824,0
Neocrepidodera_ferruginea,Coleoptera,Chrysomelidae,0,0,0,0,1,0,0,0.616415414,0
Neophilaenus_lineatus,Homoptera,Cercopidae,0,0,0,0,1,0,0,2.530296939,0
Notiophilus_biguttatus,Coleoptera,Carabidae,0,0,0,0,0,0,1,1.479605209,0
Notostira_elongata,Heteroptera,Miridae,0,0,0,1,0,0,0,5.776794853,0
Ocypus_aeneocephalus,Coleoptera,Staphylinidae,0,0,0,0,0,0,1,2.42129377,0
Oedostethus_quadripustulatus,Coleoptera,Elateridae,0,0,0,0,1,0,0,0.66901252,1
Oedothorax_fuscus,Araneae,Linyphiidae,0,0,0,0,0,0,1,0.302310543,0
Pachygnatha_degeeri,Araneae,Tetragnathidae,0,0,0,0,0,0,1,1.569338486,0
Paederus_littoralis,Coleoptera,Staphylinidae,0,0,0,0,0,0,1,8.077283912,0
Paradromius_linearis,Coleoptera,Carabidae,0,0,0,0,0,0,1,2.068241512,0
Pardosa_agrestis,Araneae,Lycosidae,0,0,0,0,0,0,1,4.11275495,1
Pardosa_palustris,Araneae,Lycosidae,0,0,0,0,0,0,1,2.654911727,1
Pardosa_pullata,Araneae,Lycosidae,0,0,0,0,0,0,1,2.409365114,0
Pelecopsis_parallela,Araneae,Linyphiidae,0,0,0,0,0,0,1,0.213066117,0
Perapion_curtirostre,Coleoptera,Apionidae,0,0,0,1,0,0,0,0.336436156,0
Perapion_marchicum,Coleoptera,Apionidae,0,0,0,1,0,0,0,0.163920879,0
Philaenus_spumarius,Homoptera,Cercopidae,0,0,0,0,1,0,0,3.191038984,0
Philonthus_carbonarius,Coleoptera,Staphylinidae,0,0,0,0,0,0,1,7.320328809,0
Philonthus_cognatus,Coleoptera,Staphylinidae,0,0,0,0,0,0,1,20.05547157,0
Phyllobius_roboretanus,Coleoptera,Curculionidae,0,0,0,0,1,0,0,0.843136954,0
Pirata_latitans,Araneae,Lycosidae,0,0,0,0,0,0,1,1.569338486,0
Plagiognathus_chrysanthemi,Heteroptera,Miridae,0,0,0,0,1,0,0,0.939698117,0
Platycheirus_sp,Diptera,Syrphidae,0,1,0,0,0,1,0,6.498320937,0
Poecilus_cupreus,Coleoptera,Carabidae,0,0,0,0,1,0,1,13.05034037,0
Poecilus_versicolor,Coleoptera,Carabidae,0,0,0,0,1,0,1,13.05034037,0
Polymerus_unifasciatus,Heteroptera,Miridae,0,0,0,1,0,0,0,3.482282554,1
Polyommatus_icarus,Lepidoptera,Lycaenidae,0,0,1,0,0,1,0,290.2728131,0
Propylea_quattuordecimpunctata,Coleoptera,Coccinellidae,0,0,0,0,1,0,0,1.229684061,0
Protapion_apricans,Coleoptera,Apionidae,0,0,1,0,0,0,0,0.812377929,0
Protapion_assimile,Coleoptera,Apionidae,0,0,0,1,0,0,0,0.474234748,0
Protapion_difforme,Coleoptera,Apionidae,0,0,0,1,0,0,0,0.187498772,0
Protapion_filirostre,Coleoptera,Apionidae,0,0,0,1,0,0,0,0.132147675,1
Protapion_laevicolle,Coleoptera,Apionidae,0,0,0,1,0,0,0,0.187498772,0
Protapion_nigritarse,Coleoptera,Apionidae,0,0,0,1,0,0,0,0.132147675,0
Protapion_trifolii,Coleoptera,Apionidae,0,0,0,1,0,0,0,0.163920879,0
Pterostichus_melanarius,Coleoptera,Carabidae,0,0,0,0,0,0,1,36.1449695,0
Pterostichus_vernalis,Coleoptera,Carabidae,0,0,0,0,0,0,1,4.28060299,0
Pyronia_tithonus,Lepidoptera,Satyridae,0,0,0,1,0,1,0,546.0255691,1
Quedius_schatzmayri,Coleoptera,Staphylinidae,0,0,0,0,0,0,1,2.928777928,0
Quedius_semiobscurus,Coleoptera,Staphylinidae,0,0,0,0,0,0,1,2.654911727,0
Rhingia_campestris,Diptera,Syrphidae,0,1,0,0,0,1,0,4.28060299,0
Rhinoncus_pericarpius,Coleoptera,Curculionidae,0,0,0,1,0,0,0,0.519079074,0
Rhyzobius_litura,Coleoptera,Coccinellidae,0,0,0,0,0,0,1,0.642381141,0
Rugilus_orbiculatus,Coleoptera,Staphylinidae,0,0,0,0,0,0,1,14.92165493,0
Savignia_frontata,Araneae,Linyphiidae,0,0,0,0,0,0,1,0.122483056,0
Scaeva_pyrastri,Diptera,Syrphidae,0,1,0,0,0,1,0,6.631132386,0
Scymnus_femoralis,Coleoptera,Coccinellidae,0,0,0,0,0,0,1,0.496343791,0
Scymnus_haemorrhoidalis,Coleoptera,Coccinellidae,0,0,0,0,0,0,1,0.496343791,0
Sitona_cambricus,Coleoptera,Curculionidae,0,0,0,1,0,0,0,1.533052999,1
Sitona_hispidulus,Coleoptera,Curculionidae,0,0,0,1,0,0,0,0.939698117,0
Sitona_humeralis,Coleoptera,Curculionidae,0,0,0,1,0,0,0,1.351073065,0
Sitona_lepidus,Coleoptera,Curculionidae,0,0,0,1,0,0,0,2.068241512,0
Sitona_lineatus,Coleoptera,Curculionidae,0,0,0,1,0,0,0,1.435957851,0
Sitona_sulcifrons,Coleoptera,Curculionidae,0,0,0,1,0,0,0,0.66901252,0
Sphaeroderma_rubidum,Coleoptera,Chrysomelidae,0,0,0,1,0,0,0,0.752964675,0
Stenus_brunnipes,Coleoptera,Staphylinidae,0,0,0,0,0,0,1,3.557563353,0
Stenus_clavicornis,Coleoptera,Staphylinidae,0,0,0,0,0,0,1,0.758780764,0
Stenus_fulvicornis,Coleoptera,Staphylinidae,0,0,0,0,0,0,1,0.411597664,0
Stenus_nanus,Coleoptera,Staphylinidae,0,0,0,0,0,0,1,1.515106708,0
Stenus_ossium,Coleoptera,Staphylinidae,0,0,0,0,0,0,1,1.13013667,0
Stenus_pallipes,Coleoptera,Staphylinidae,0,0,0,0,0,0,1,1.569338486,0
Stenus_picipes,Coleoptera,Staphylinidae,0,0,0,0,0,0,1,2.3385562,0
Stenus_similis,Coleoptera,Staphylinidae,0,0,0,0,0,0,1,0.67441924,0
Streptanus_sordidus,Homoptera,Cicadellidae,0,0,0,1,0,0,0,1.078671265,0
Stygnocoris_sabulosus,Heteroptera,Lygaeidae,0,0,0,0,1,0,1,0.452745228,0
Sunius_propinquus,Coleoptera,Staphylinidae,0,0,0,0,0,0,1,2.068241512,0
Syntomus_foveatus,Coleoptera,Carabidae,0,0,0,0,0,0,1,0.812377929,0
Syntomus_obscuroguttatus,Coleoptera,Carabidae,0,0,0,0,0,0,1,0.542447269,0
Tachyporus_chrysomelinus,Coleoptera,Staphylinidae,0,0,0,0,0,0,1,1.190781284,0
Tachyporus_hypnorum,Coleoptera,Staphylinidae,0,0,0,0,0,0,1,0.973333701,0
Tachyporus_nitidulus,Coleoptera,Staphylinidae,0,0,0,0,0,0,1,0.376615308,0
Tachyporus_pusillus,Coleoptera,Staphylinidae,0,0,0,0,0,0,1,0.66901252,0
Thymelicus_sylvestris,Lepidoptera,Hesperiidae,0,0,0,1,0,1,0,246.4151907,0
Tibellus_oblongus,Araneae,Philodromidae,0,0,0,0,0,0,1,9.647509482,0
Trichosirocalus_troglodytes,Coleoptera,Curculionidae,0,0,1,0,0,0,0,0.336436156,0
Trigonotylus_ruficornis,Heteroptera,Miridae,0,0,0,1,0,0,0,3.051273818,0
Trochosa_ruricola,Araneae,Lycosidae,0,0,0,0,0,0,1,12.7145162,0
Tychius_junceus,Coleoptera,Curculionidae,0,0,0,1,0,0,0,0.187498772,1
Tychius_picirostris,Coleoptera,Curculionidae,0,0,0,1,0,0,0,0.187498772,0
Tychus_niger,Coleoptera,Staphylinidae,0,0,0,0,0,0,1,0.099439041,0
Tytthaspis_sedecimpunctata,Coleoptera,Coccinellidae,0,0,0,0,1,0,0,0.642381141,0
Xantholinus_longiventris,Coleoptera,Staphylinidae,0,0,0,0,0,0,1,3.868717336,0
Xysticus_cristatus,Araneae,Thomisidae,0,0,0,0,0,0,1,3.334694977,0
Zicrona_caerulea,Heteroptera,Pentatomidae,0,0,0,0,0,0,1,4.11275495,0
Zygaena_filipendulae,Lepidoptera,Zygaenidae,0,0,0,1,0,1,0,338.6554862,0
Abax_parallelus,Coleoptera,Carabidae,1,0,0,0,0,0,1,63.72205422,0
Aglais_urticae,Lepidoptera,Nymphalidae,1,0,0,1,0,1,0,1054.803325,0
Armadillidium_depressum,Isopoda,Armadillidiidae,1,1,0,0,0,0,0,36.78399866,0
Armadillidium_vulgare,Isopoda,Armadillidiidae,1,1,0,0,0,0,0,36.78399866,0
Barypeithes_pellucidus,Coleoptera,Curculionidae,1,0,1,0,0,0,0,0.855638988,0
Bombus_rupestris,Hymenoptera,Apidae,1,0,0,0,0,1,0,91.69527213,0
Bombus_vestalis,Hymenoptera,Apidae,1,0,0,0,0,1,0,78.18802061,0
Brachyiulus_pusillus,Diplopoda,Julidae,1,1,0,0,0,0,0,11.11,0
Capsus_ater,Heteroptera,Miridae,1,0,0,1,0,0,0,2.783251617,0
Carabus_problematicus,Coleoptera,Carabidae,1,0,0,0,0,0,1,133.0193987,0
Carabus_violaceus,Coleoptera,Carabidae,1,0,0,0,0,0,1,197.6939471,0
Chrysogaster_solstitialis,Diptera,Syrphidae,1,1,0,0,0,1,0,1.30982411,0
Chrysotoxum_bicinctum,Diptera,Syrphidae,1,0,0,0,0,1,1,3.512275428,0
Clubiona_neglecta,Araneae,Clubionidae,1,0,0,0,0,0,1,2.783251617,0
Colias_croceus,Lepidoptera,Pieridae,1,0,0,1,0,1,0,1215.323683,0
Cylindroiulus_caeruleocinctus,Diplopoda,Julidae,1,1,0,0,0,0,0,12.55,0
Doratura_stylata,Homoptera,Cicadellidae,1,0,0,1,0,0,0,1.007703722,0
Episyrphus_balteatus,Diptera,Syrphidae,1,0,0,0,0,1,1,3.557563353,0
Euophrys_frontalis,Araneae,Salticidae,1,0,0,0,0,0,1,0.542447269,0
Glomeris_marginata,Diplopoda,Glomeridae,1,1,0,0,0,0,0,4.6,0
Harpalus_affinis,Coleoptera,Carabidae,1,0,0,0,1,0,1,13.05034037,0
Heliophanus_flavipes,Araneae,Salticidae,1,0,0,0,0,0,1,2.068241512,0
Himacerus_boops,Heteroptera,Nabidae,1,0,0,0,0,0,1,4.628850886,0
Hoplitis_spinulosa,Hymenoptera,Megachilidae,1,0,0,1,0,1,0,22.14958167,1
Hypera_plantaginis,Coleoptera,Curculionidae,1,0,1,0,0,0,0,1.479605209,0
Inachis_io,Lepidoptera,Nymphalidae,1,0,0,1,0,1,0,1929.626215,0
Kalama_tricornis,Heteroptera,Tingidae,1,0,0,1,0,0,0,0.69631598,1
Ligidium_hypnorum,Isopoda,Ligiidae,1,1,0,0,0,0,0,4.994093905,0
Melitta_leporina,Hymenoptera,Melittidae,1,0,0,1,0,1,0,16.39025156,0
Melitta_tricincta,Hymenoptera,Melittidae,1,0,0,1,0,1,0,16.56010186,1
Nabis_flavomarginatus,Heteroptera,Nabidae,1,0,0,0,0,0,1,7.085909565,0
Neon_reticulatus,Araneae,Salticidae,1,0,0,0,0,0,1,0.411597664,0
Oniscus_asellus,Isopoda,Oniscidae,1,1,0,0,0,0,0,51.05943601,0
Ophyiulus_pilosus,Diplopoda,Julidae,1,1,0,0,0,0,0,9.78,0
Orthochaetes_setiger,Coleoptera,Curculionidae,1,0,0,0,1,0,0,0.566455005,0
Otiorhynchus_clavipes,Coleoptera,Curculionidae,1,0,0,0,1,0,0,88.8207409,0
Patrobus_atrorufus,Coleoptera,Carabidae,1,0,0,0,0,0,1,7.559483659,0
Philoscia_muscorum,Isopoda,Philosciidae,1,1,0,0,0,0,0,9.647509482,0
Pieris_brassicae,Lepidoptera,Pieridae,1,0,0,1,0,1,0,1451.656981,0
Pieris_rapae,Lepidoptera,Pieridae,1,0,0,1,0,1,0,774.7326896,0
Pithanus_maerkelii,Heteroptera,Miridae,1,0,0,1,0,0,0,1.569338486,0
Polydesmus_angustus,Diplopoda,Polydesmidae,1,1,0,0,0,0,0,11.11,0
Polydesmus_denticulatus,Diplopoda,Polydesmidae,1,1,0,0,0,0,0,14.1,0
Polydesmus_inconstans,Diplopoda,Polydesmidae,1,1,0,0,0,0,0,11.11,0
Porcellio_scaber,Isopoda,Porcellionidae,1,1,0,0,0,0,0,36.78399866,0
Pterostichus_macer,Coleoptera,Carabidae,1,0,0,0,0,0,1,27.37249664,0
Pterostichus_madidus,Coleoptera,Carabidae,1,0,0,0,0,0,1,38.74283421,0
Pterostichus_niger,Coleoptera,Carabidae,1,0,0,0,0,0,1,56.75312724,0
Sphaerophoria_sp.,Diptera,Syrphidae,1,0,0,0,0,1,1,4.593266431,0
Stenopterapion_tenue,Coleoptera,Apionidae,1,0,0,1,0,0,0,0.175465008,0
Syritta_pipiens,Diptera,Syrphidae,1,0,0,0,0,1,1,5.614600651,0
Syrphus_sp.,Diptera,Syrphidae,1,0,0,0,0,1,1,5.376640264,0
Tachypodoiulus_niger,Diplopoda,Julidae,1,1,0,0,0,0,0,9.78,0
Trachelipus_rathkei,Isopoda,Trachelipidae,1,1,0,0,0,0,0,25.28316404,1
Trachyphloeus_alternans,Coleoptera,Curculionidae,1,0,0,0,1,0,0,0.372846449,1
Trachyphloeus_asperatus,Coleoptera,Curculionidae,1,0,0,0,1,0,0,0.372846449,1
Tychius_lineatulus,Coleoptera,Curculionidae,1,0,0,1,0,0,0,0.302310543,1
Agonum_muelleri,Coleoptera,Carabidae,0,0,0,0,0,0,1,6.856189593,0
Melitta_haemorrhoidalis,Hymenoptera,Melittidae,0,0,0,0,1,1,0,16.56010186,0
Andrena_bicolor,Hymenoptera,Andrenidae,0,0,0,0,1,1,0,12.33342366,0
Andrena_nitidiuscula,Hymenoptera,Andrenidae,0,0,0,0,1,1,0,3.644277377,0
Halictus_rubicundus,Hymenoptera,Halictidae,0,0,0,0,1,1,0,13.06065207,0
Lasioglossum_xanthopus,Hymenoptera,Halictidae,0,0,0,0,1,1,0,5.188753587,0
Lasioglossum_zonulum,Hymenoptera,Halictidae,0,0,0,0,1,1,0,5.188753587,0
Altica_palustris,Coleoptera,Chrysomelidae,0,0,0,1,0,0,0,0.843136954,0
Aphrodes_flavostriatus,Homoptera,Cicadellidae,0,0,0,1,0,0,0,0.874605877,0
Perapion_hydrolapathi,Coleoptera,Apionidae,0,0,0,1,0,0,0,0.187498772,0
Aphrodes_trifasciatus,Homoptera,Cicadellidae,0,0,0,1,0,0,0,1.39311572,0
Cassida_flaveola,Coleoptera,Chrysomelidae,0,0,0,1,0,0,0,2.068241512,0
Eutrichapion_viciae,Coleoptera,Apionidae,0,0,0,1,0,0,0,0.411597664,0
Holotrichapion_pisi,Coleoptera,Apionidae,0,0,0,1,0,0,0,0.354352183,0
Leiosoma_deflexum,Coleoptera,Curculionidae,0,0,0,1,0,0,0,0.900296298,0
Longitarsus_gracilis,Coleoptera,Chrysomelidae,0,0,0,1,0,0,0,0.226614975,0
Omphalapion_hookerorum,Coleoptera,Apionidae,0,0,0,1,0,0,0,0.469887498,0
Leptopterna_ferrugata,Heteroptera,Miridae,0,0,0,1,0,0,0,5.183185034,0
Apteropeda_orbiculata,Coleoptera,Chrysomelidae,1,0,0,0,1,0,0,0.336436156,0
Trachyphloeus_aristatus,Coleoptera,Curculionidae,1,0,0,0,1,0,0,0.175465008,0
Athous_haemorrhoidalis,Coleoptera,Elateridae,0,0,0,0,1,0,0,22.81413848,0
Dolycoris_baccarum,Heteroptera,Pentatomidae,0,0,0,0,1,0,0,18.33699561,0
Harpalus_rubripes,Coleoptera,Carabidae,0,0,0,0,1,0,0,10.81172064,0
Aphantopus_hyperantus,Lepidoptera,Satyridae,1,0,0,1,0,1,0,733.1557198,0
Lycaena_phlaeas,Lepidoptera,Lycaenidae,0,0,0,1,0,1,0,246.4151907,0
Centromerita_bicolor,Araneae,Linyphiidae,0,0,0,0,0,0,1,0.642381141,0
Demetrias_atricapillus,Coleoptera,Carabidae,0,0,0,0,0,0,1,2.292073815,0
Microlinyphia_pusilla,Araneae,Linyphiidae,0,0,0,0,0,0,1,1.152648838,0
Pocadicnemis_juncea,Araneae,Linyphiidae,0,0,0,0,0,0,1,0.187498772,0
Bembidion_mannerheimii,Coleoptera,Carabidae,1,0,0,0,0,0,1,0.591108871,0
Myrmecina_graminicola,Hymenoptera,Formicidae,1,0,0,0,0,1,1,0.591108871,0
Astenus_lyonessius,Coleoptera,Staphylinidae,0,0,0,0,0,0,1,0.735682084,0
Neoscona_adianta,Araneae,Araneidae,0,0,0,0,0,0,1,2.654911727,0
Pardosa_prativaga,Araneae,Lycosidae,0,0,0,0,0,0,1,2.654911727,0
Psyllobora_vigintiduopunctata,Coleoptera,Coccinellidae,0,0,0,0,0,0,1,1.007703722,0
Pterostichus_strenuus,Coleoptera,Carabidae,0,0,0,0,0,0,1,3.191038984,0
Tachinus_rufipes,Coleoptera,Staphylinidae,0,0,0,0,0,0,1,2.068241512,0
Tachyporus_obtusus,Coleoptera,Staphylinidae,0,0,0,0,0,0,1,1.587678408,0
Theridion_impressum,Araneae,Theridiidae,0,0,0,0,0,0,1,1.152648838,0
Deraeocoris_ruber,Heteroptera,Miridae,0,0,0,0,0,0,1,4.994093905,0
Xanthogramma_pedissequum,Diptera,Syrphidae,0,0,0,0,0,1,1,1.30982411,0
Cryptocephalus_bilineatus,Coleoptera,Chrysomelidae,0,0,1,0,0,0,0,0.939698117,1
Cryptocephalus_fulvus,Coleoptera,Chrysomelidae,0,0,1,0,0,0,0,1.078671265,1
Aphanisticus_pusillus,Coleoptera,Buprestidae,1,0,1,0,0,0,0,0.213066117,1
Ulopa_trivia,Homoptera,Cicadellidae,1,0,1,0,0,0,0,0.752964675,1
Mycetoporus_piceolus,Coleoptera,Staphylinidae,0,0,0,0,0,0,0,1.014666392,1
Timarcha_goettingensis,Coleoptera,Chrysomelidae,1,0,0,1,0,0,0,36.1449695,1
Stenocarus_ruficornis,Coleoptera,Curculionidae,0,0,0,1,0,0,0,1.078671265,1
Cassida_vibex,Coleoptera,Chrysomelidae,0,0,0,1,0,0,0,2.068241512,1
Podops_inuncta,Heteroptera,Pentatomidae,0,0,0,1,0,0,0,3.051273818,1
Amara_equestris,Coleoptera,Carabidae,0,0,0,0,1,0,0,15.55500227,1
Ophonus_laticollis,Coleoptera,Carabidae,0,0,0,0,1,0,0,5.376640264,1
Stenobothrus_lineatus,Orthoptera,Acrididae,0,0,0,0,1,0,0,51.05943601,1
Pararge_aegeria,Lepidoptera,Satyridae,0,0,0,1,0,1,0,908.1000524,1
Lysandra_bellargus,Lepidoptera,Lycaenidae,1,0,1,0,0,1,0,338.6554862,1
Myrmecoris_gracilis,Heteroptera,Miridae,1,0,0,0,0,0,1,2.409365114,1
Zelotes_petrensis,Araneae,Gnaphosidae,1,0,0,0,0,0,1,4.994093905,1
Arctosa_perita,Araneae,Lycosidae,0,0,0,0,0,0,1,7.559483659,1
Pardosa_hortensis,Araneae,Lycosidae,0,0,0,0,0,0,1,1.152648838,1
Anthidium_manicatum,Hymenoptera,Megachilidae,0,0,0,0,1,1,0,44.75828024,0
Anthonomus_brunnipennis,Coleoptera,Curculionidae,0,0,1,0,0,0,0,0.431868469,0
Hypera_venusta,Coleoptera,Curculionidae,0,0,0,1,0,0,0,0.782322586,0
Longitarsus_parvulus,Coleoptera,Chrysomelidae,0,0,0,1,0,0,0,0.073647039,0
Aphrophora_alni,Homoptera,Cercopidae,0,0,0,0,1,0,0,11.11567103,0
Pieris_napi,Lepidoptera,Pieridae,0,0,0,1,0,1,0,692.987432,0
Vanessa_cardui,Lepidoptera,Nymphalidae,0,0,0,1,0,1,0,1929.626215,0
Anotylus_tetracarinatus,Coleoptera,Staphylinidae,0,0,0,0,0,0,1,0.258264046,0
Araneus_diadematus,Araneae,Araneidae,0,0,0,0,0,0,1,20.50003979,0
Araneus_quadratus,Araneae,Araneidae,0,0,0,0,0,0,1,51.05943601,0
Badister_bullatus,Coleoptera,Carabidae,0,0,0,0,0,0,1,2.530296939,0
Coccinella_septempunctata,Coleoptera,Coccinellidae,0,0,0,0,0,0,1,4.994093905,0
Lathrobium_fulvipenne,Coleoptera,Staphylinidae,0,0,0,0,0,0,1,11.14635302,0
Zygiella_x-notata,Araneae,Araneidae,0,0,0,0,0,0,1,3.334694977,0
Megachile_willughbiella,Hymenoptera,Megachilidae,0,0,0,0,1,1,0,43.53698402,0
Osmia_leaiana,Hymenoptera,Megachilidae,0,0,0,1,0,1,0,21.54686249,0
Eristalis_intricarius,Diptera,Syrphidae,0,1,0,0,0,1,0,1.30982411,0
Eristalis_pertinax,Diptera,Syrphidae,0,1,0,0,0,1,0,4.809328662,0
Iassus_scutellaris,Homoptera,Cicadellidae,0,0,1,0,0,0,0,5.776794853,0
Strophosoma_melanogrammum,Coleoptera,Curculionidae,1,0,0,0,1,0,0,1.961614075,0
Gonepteryx_rhamni,Lepidoptera,Pieridae,0,0,0,1,0,1,0,1856.161765,0
Pterostichus_longicollis,Coleoptera,Carabidae,1,0,0,0,0,0,1,9.647509482,0
Pachygnatha_clercki,Araneae,Tetragnathidae,0,0,0,0,0,0,1,2.654911727,0
Quedius_fuliginosus,Coleoptera,Staphylinidae,0,0,0,0,0,0,1,26.99944462,0
Rugilus_erichsoni,Coleoptera,Staphylinidae,0,0,0,0,0,0,1,1.30982411,0
Tachys_bistriatus,Coleoptera,Carabidae,0,0,0,0,0,0,1,0.122483056,0
Neoascia_sp.,Diptera,Syrphidae,0,1,0,0,0,1,0,5.376640264,0
