"","Class","Order","Suborder","Family","Genus","Species","Accession","Level","Mean_Converted_Value"
"1","Insecta","Lepidoptera","Glossata","Noctuidae","Abrostola","Abrostola tripartita","GCA_905340225.1","Chromosome",157.244271689835
"2","Insecta","Lepidoptera","Glossata","Noctuidae","Abrostola","Abrostola triplasia","GCA_946251915.1","Chromosome",157.244271689835
"3","Insecta","Lepidoptera","Glossata","Crambidae","Acentria","Acentria ephemerella","GCA_943193645.1","Chromosome",5.48967625951121
"4","Insecta","Orthoptera","Ensifera","Gryllidae","Acheta","Acheta domesticus","GCA_014858955.1","Contig",369.94127558048
"5","Insecta","Lepidoptera","Glossata","Drepanidae","Achlya","Achlya flavicornis","GCA_947623365.1","Chromosome",159.112807621522
"6","Insecta","Lepidoptera","Glossata","Pyralidae","Achroia","Achroia grisella","GCF_030625045.1","Contig",23.6764142888719
"7","Insecta","Lepidoptera","Glossata","Pyralidae","Acrobasis","Acrobasis consociella","GCA_963555685.1","Chromosome",16.8195237990024
"8","Insecta","Lepidoptera","Glossata","Pyralidae","Acrobasis","Acrobasis repandana","GCA_963576875.1","Chromosome",16.8195237990024
"9","Insecta","Lepidoptera","Glossata","Pyralidae","Acrobasis","Acrobasis suavella","GCA_943193695.1","Chromosome",22.5066894203761
"10","Insecta","Lepidoptera","Glossata","Noctuidae","Acronicta","Acronicta aceris","GCA_910591435.1","Chromosome",232.817873450193
"11","Insecta","Lepidoptera","Glossata","Noctuidae","Acronicta","Acronicta leporina","GCA_947256265.1","Chromosome",202.986773930129
"12","Insecta","Lepidoptera","Glossata","Noctuidae","Acronicta","Acronicta psi","GCA_946251955.1","Chromosome",202.986773930129
"13","Insecta","Hemiptera","Sternorrhyncha","Aphididae","Acyrthosiphon","Acyrthosiphon pisum","GCF_005508785.1","Chromosome",1.85340557019739
"14","Insecta","Coleoptera","Polyphaga","Coccinellidae","Adalia","Adalia bipunctata","GCA_910592335.1","Chromosome",4.05899383203191
"15","Insecta","Coleoptera","Polyphaga","Coccinellidae","Adalia","Adalia decempunctata","GCA_951802165.1","Chromosome",1.43184106910833
"16","Insecta","Diptera","Nematocera","Culicidae","Aedes","Aedes albopictus","GCA_035046485.1","Chromosome",3.03837787596277
"17","Insecta","Hymenoptera","Apocrita","Halictidae","Agapostemon","Agapostemon virescens","GCA_028453745.1","Chromosome",44.3208114502727
"18","Insecta","Coleoptera","Adephaga","Carabidae","Agonum","Agonum fuliginosum","GCA_947534325.1","Chromosome",4.12790492624456
"19","Insecta","Coleoptera","Polyphaga","Buprestidae","Agrilus","Agrilus biguttatus","GCA_963921965.1","Contig",15.1484166494127
"20","Insecta","Coleoptera","Polyphaga","Buprestidae","Agrilus","Agrilus cyanescens","GCA_947389935.1","Chromosome",3.89108910236498
"21","Insecta","Coleoptera","Polyphaga","Buprestidae","Agrilus","Agrilus planipennis","GCF_000699045.2","Scaffold",15.65
"22","Insecta","Lepidoptera","Glossata","Geometridae","Agriopis","Agriopis aurantiaria","GCA_914767915.1","Chromosome",44.1114614230026
"23","Insecta","Lepidoptera","Glossata","Geometridae","Agriopis","Agriopis leucophaearia","GCA_949125355.1","Chromosome",26.1708271737171
"24","Insecta","Lepidoptera","Glossata","Geometridae","Agriopis","Agriopis marginaria","GCA_932305915.1","Chromosome",38.4008238813958
"25","Insecta","Coleoptera","Polyphaga","Elateridae","Agriotes","Agriotes lineatus","GCA_940337035.1","Chromosome",11.4
"26","Insecta","Lepidoptera","Glossata","Crambidae","Agriphila","Agriphila geniculea","GCA_943789525.1","Chromosome",15.9824835643203
"27","Insecta","Lepidoptera","Glossata","Crambidae","Agriphila","Agriphila straminella","GCA_950108535.1","Chromosome",9.42952472691468
"28","Insecta","Lepidoptera","Glossata","Crambidae","Agriphila","Agriphila tristella","GCA_928269145.1","Chromosome",20.8094170447243
"29","Insecta","Lepidoptera","Glossata","Noctuidae","Agrochola","Agrochola circellaris","GCA_914767755.1","Chromosome",165.988820363766
"30","Insecta","Lepidoptera","Glossata","Noctuidae","Agrochola","Agrochola litura","GCA_949152395.1","Chromosome",148.704648856704
"31","Insecta","Lepidoptera","Glossata","Noctuidae","Agrochola","Agrochola lota","GCA_947364205.1","Chromosome",165.988820363766
"32","Insecta","Lepidoptera","Glossata","Noctuidae","Agrochola","Agrochola lychnidis","GCA_963680765.1","Chromosome",165.988820363766
"33","Insecta","Lepidoptera","Glossata","Noctuidae","Agrochola","Agrochola macilenta","GCA_916701695.1","Chromosome",140.371527756814
"34","Insecta","Lepidoptera","Glossata","Noctuidae","Agrotis","Agrotis clavis","GCA_954870645.1","Chromosome",107.647165265556
"35","Insecta","Lepidoptera","Glossata","Noctuidae","Agrotis","Agrotis exclamationis","GCA_950005045.1","Chromosome",119.759201117272
"36","Insecta","Lepidoptera","Glossata","Noctuidae","Agrotis","Agrotis ipsilon","GCA_028554685.1","Chromosome",159.383765339976
"37","Insecta","Lepidoptera","Glossata","Noctuidae","Agrotis","Agrotis puta","GCA_943136025.2","Chromosome",85.1155016272072
"38","Insecta","Coleoptera","Polyphaga","Elateridae","Alaus","Alaus oculatus","GCA_009852465.1","Scaffold",308
"39","Insecta","Lepidoptera","Glossata","Geometridae","Alcis","Alcis repandata","GCA_949125135.1","Chromosome",68.0518594491016
"40","Insecta","Coleoptera","Polyphaga","Staphylinidae","Aleochara","Aleochara bilineata","GCA_003054995.1","Scaffold",0.898
"41","Insecta","Lepidoptera","Glossata","Noctuidae","Allophyes","Allophyes oxyacanthae","GCA_932294325.1","Chromosome",202.986773930129
"42","Insecta","Lepidoptera","Glossata","Geometridae","Alsophila","Alsophila aescularia","GCA_946251855.1","Chromosome",35.7247004283504
"43","Insecta","Hymenoptera","Apocrita","Ichneumonidae","Amblyteles","Amblyteles armatorius","GCA_933228735.2","Chromosome",239.048422042679
"44","Insecta","Lepidoptera","Glossata","Noctuidae","Amphipoea","Amphipoea lucens","GCA_947508005.1","Chromosome",93.9803532137168
"45","Insecta","Lepidoptera","Glossata","Noctuidae","Amphipoea","Amphipoea oculea","GCA_945859645.1","Chromosome",73.7080794659426
"46","Insecta","Lepidoptera","Glossata","Noctuidae","Amphipyra","Amphipyra berbera","GCA_910594945.2","Chromosome",309.169140237945
"47","Insecta","Lepidoptera","Glossata","Noctuidae","Amphipyra","Amphipyra tragopoginis","GCA_905220435.1","Chromosome",174.936778979609
"48","Insecta","Hymenoptera","Apocrita","Encyrtidae","Anagyrus","Anagyrus pseudococci","GCA_030522585.1","Scaffold",0.259967285085103
"49","Insecta","Lepidoptera","Glossata","Crambidae","Anania","Anania crocealis","GCA_949315895.1","Chromosome",15.9824835643203
"50","Insecta","Lepidoptera","Glossata","Crambidae","Anania","Anania fuscalis","GCA_950371115.1","Chromosome",15.9824835643203
"51","Insecta","Lepidoptera","Glossata","Crambidae","Anania","Anania hortulata","GCA_963576865.1","Chromosome",26.323621897786
"52","Insecta","Hymenoptera","Apocrita","Andrenidae","Andrena","Andrena bicolor","GCA_960531205.1","Chromosome",29.9734137596066
"53","Insecta","Hymenoptera","Apocrita","Andrenidae","Andrena","Andrena bucephala","GCA_947577245.1","Chromosome",33.4885458906071
"54","Insecta","Hymenoptera","Apocrita","Andrenidae","Andrena","Andrena chrysosceles","GCA_963855975.1","Chromosome",27.234000249488
"55","Insecta","Hymenoptera","Apocrita","Andrenidae","Andrena","Andrena dorsata","GCA_929108735.1","Chromosome",26.0079815119745
"56","Insecta","Hymenoptera","Apocrita","Andrenidae","Andrena","Andrena fulva","GCA_946251845.1","Chromosome",67.3646126310688
"57","Insecta","Hymenoptera","Apocrita","Andrenidae","Andrena","Andrena haemorrhoa","GCA_910592295.1","Chromosome",44.9334797103805
"58","Insecta","Hymenoptera","Apocrita","Andrenidae","Andrena","Andrena hattorfiana","GCA_944738655.2","Chromosome",84.1114576174112
"59","Insecta","Hymenoptera","Apocrita","Andrenidae","Andrena","Andrena minutula","GCA_929113495.1","Chromosome",7.93780553434305
"60","Insecta","Diptera","Nematocera","Culicidae","Anopheles","Anopheles funestus","GCF_943734845.2","Chromosome",0.771651524054036
"61","Insecta","Coleoptera","Polyphaga","Cerambycidae","Anoplophora","Anoplophora glabripennis","GCF_000390285.1","Scaffold",1049.02802516138
"62","Insecta","Lepidoptera","Glossata","Noctuidae","Anorthoa","Anorthoa munda","GCA_945859665.1","Chromosome",202.986773930129
"63","Insecta","Lepidoptera","Glossata","Saturniidae","Antheraea","Antheraea pernyi","GCA_015888305.1","Scaffold",1210
"64","Insecta","Lepidoptera","Glossata","Pieridae","Anthocharis","Anthocharis cardamines","GCA_905404175.1","Chromosome",54.0884
"65","Insecta","Hymenoptera","Apocrita","Apidae","Anthophora","Anthophora plumipes","GCA_951804975.1","Chromosome",130.131153540728
"66","Insecta","Lepidoptera","Glossata","Geometridae","Anticlea","Anticlea derivata","GCA_947579855.1","Chromosome",24.0603369030385
"67","Insecta","Lepidoptera","Glossata","Noctuidae","Antitype","Antitype chi","GCA_947359405.1","Chromosome",174.936778979609
"68","Insecta","Lepidoptera","Glossata","Noctuidae","Apamea","Apamea anceps","GCA_951799955.1","Chromosome",118.345500858706
"69","Insecta","Lepidoptera","Glossata","Noctuidae","Apamea","Apamea crenata","GCA_949629185.1","Chromosome",135.737650827468
"70","Insecta","Lepidoptera","Glossata","Noctuidae","Apamea","Apamea epomidion","GCA_947507525.1","Chromosome",118.345500858706
"71","Insecta","Lepidoptera","Glossata","Noctuidae","Apamea","Apamea monoglypha","GCA_911387795.2","Chromosome",93.8715307979535
"72","Insecta","Lepidoptera","Glossata","Noctuidae","Apamea","Apamea sordens","GCA_945859715.1","Chromosome",107.326358398547
"73","Insecta","Lepidoptera","Glossata","Geometridae","Apeira","Apeira syringaria","GCA_934044485.1","Chromosome",53.6008487110163
"74","Insecta","Hymenoptera","Apocrita","Braconidae","Aphidius","Aphidius colemani","GCA_030523065.1","Scaffold",0.816666666666667
"75","Insecta","Diptera","Nematocera","Cecidomyiidae","Aphidoletes","Aphidoletes aphidimyza","GCA_030463065.1","Chromosome",0.934885500296236
"76","Insecta","Hymenoptera","Apocrita","Apidae","Apis","Apis cerana","GCF_029169275.1","Chromosome",34.4485636363636
"77","Insecta","Hymenoptera","Apocrita","Apidae","Apis","Apis mellifera","GCA_003314205.1","Chromosome",78.7668993502032
"78","Insecta","Lepidoptera","Glossata","Geometridae","Aplocera","Aplocera efformata","GCA_921293045.1","Chromosome",35.7247004283504
"79","Insecta","Lepidoptera","Glossata","Limacodidae","Apoda","Apoda limacodes","GCA_946406115.1","Chromosome",37.2144476540344
"80","Insecta","Lepidoptera","Glossata","Riodinidae","Apodemia","Apodemia multiplaga","GCA_018236985.1","Contig",44.987
"81","Insecta","Lepidoptera","Glossata","Riodinidae","Apodemia","Apodemia walkeri","GCA_018237765.1","Contig",32.513
"82","Insecta","Hemiptera","Heteroptera","Miridae","Apolygus","Apolygus lucorum","GCA_009739505.1","Chromosome",5.24249004141547
"83","Insecta","Lepidoptera","Glossata","Pyralidae","Apomyelois","Apomyelois bistriatella","GCA_947044815.1","Chromosome",14.3792430193745
"84","Insecta","Lepidoptera","Glossata","Pieridae","Aporia","Aporia crataegi","GCA_912999735.1","Chromosome",86.6363
"85","Insecta","Lepidoptera","Glossata","Noctuidae","Aporophyla","Aporophyla lueneburgensis","GCA_932294355.1","Chromosome",157.244271689835
"86","Insecta","Lepidoptera","Glossata","Noctuidae","Aporophyla","Aporophyla nigra","GCA_947507805.1","Chromosome",212.734280692286
"87","Insecta","Lepidoptera","Glossata","Papilionidae","Archon","Archon apollinus","GCA_018248195.1","Contig",76.865
"88","Insecta","Lepidoptera","Glossata","Lycaenidae","Aricia","Aricia agestis","GCA_944452695.1","Chromosome",34.823
"89","Insecta","Lepidoptera","Glossata","Lycaenidae","Aricia","Aricia artaxerxes","GCA_937612035.1","Chromosome",32.513
"90","Insecta","Coleoptera","Polyphaga","Cerambycidae","Aromia","Aromia moschata","GCA_029963805.1","Contig",143.651069964611
"91","Insecta","Lepidoptera","Glossata","Noctuidae","Atethmia","Atethmia centrago","GCA_905333075.1","Chromosome",165.988820363766
"92","Insecta","Hymenoptera",NA,"Athaliidae","Athalia","Athalia rosae","GCF_917208135.1","Chromosome",6.41252636543253
"93","Insecta","Trichoptera","Integripalpia","Leptoceridae","Athripsodes","Athripsodes cinereus","GCA_947579605.1","Chromosome",0.200787
"94","Insecta","Hymenoptera","Apocrita","Halictidae","Augochlora","Augochlora pura","GCA_028453695.1","Chromosome",40.5993075511447
"95","Insecta","Hymenoptera","Apocrita","Halictidae","Augochlorella","Augochlorella aurata","GCA_028455555.1","Chromosome",21.6379436952501
"96","Insecta","Lepidoptera","Glossata","Noctuidae","Autographa","Autographa gamma","GCA_905146925.1","Chromosome",153.212954083933
"97","Insecta","Lepidoptera","Glossata","Noctuidae","Autographa","Autographa pulchrina","GCA_905475315.1","Chromosome",202.986773930129
"98","Insecta","Lepidoptera","Glossata","Riodinidae","Baeotis","Baeotis zonata","GCA_018237305.1","Contig",33.899
"99","Insecta","Lepidoptera","Glossata","Sesiidae","Bembecia","Bembecia ichneumoniformis","GCA_910589475.2","Chromosome",28.1819918078034
"100","Insecta","Hemiptera","Sternorrhyncha","Aleyrodidae","Bemisia","Bemisia tabaci","GCA_918797505.1","Chromosome",0.0794316672941738
"101","Insecta","Lepidoptera","Glossata","Geometridae","Biston","Biston betularia","GCA_905404145.1","Chromosome",89.1605369329106
"102","Insecta","Lepidoptera","Glossata","Nymphalidae","Boloria","Boloria euphrosyne","GCA_951802675.2","Chromosome",57.461
"103","Insecta","Lepidoptera","Glossata","Nymphalidae","Boloria","Boloria selene","GCA_905231865.1","Chromosome",53.4416
"104","Insecta","Hymenoptera","Apocrita","Apidae","Bombus","Bombus hortorum","GCA_905332935.1","Chromosome",191.441391072219
"105","Insecta","Hymenoptera","Apocrita","Apidae","Bombus","Bombus hypnorum","GCA_911387925.1","Chromosome",151.544371546288
"106","Insecta","Hymenoptera","Apocrita","Apidae","Bombus","Bombus impatiens","GCA_000188095.1","Scaffold",136.800764575812
"107","Insecta","Hymenoptera","Apocrita","Apidae","Bombus","Bombus lapidarius","GCA_936014575.1","Contig",161.803129321375
"108","Insecta","Hymenoptera","Apocrita","Apidae","Bombus","Bombus pascuorum","GCF_905332965.1","Chromosome",200.636172008109
"109","Insecta","Hymenoptera","Apocrita","Apidae","Bombus","Bombus pratorum","GCA_930367275.1","Chromosome",116.278565945374
"110","Insecta","Hymenoptera","Apocrita","Apidae","Bombus","Bombus sylvestris","GCA_911622165.1","Chromosome",227.160329316047
"111","Insecta","Hymenoptera","Apocrita","Apidae","Bombus","Bombus terrestris","GCF_910591885.1","Chromosome",275.696504397297
"112","Insecta","Hymenoptera","Apocrita","Apidae","Bombus","Bombus vestalis","GCA_963556215.1","Chromosome",138.045134386265
"113","Insecta","Lepidoptera","Glossata","Bombycidae","Bombyx","Bombyx mori","GCF_014905235.1","Chromosome",1165
"114","Insecta","Lepidoptera","Glossata","Noctuidae","Brachylomia","Brachylomia viminalis","GCA_937001585.2","Chromosome",124.331421360407
"115","Insecta","Lepidoptera","Glossata","Nymphalidae","Brenthis","Brenthis daphne","GCA_947093115.1","Chromosome",63.5132
"116","Insecta","Lepidoptera","Glossata","Nymphalidae","Brenthis","Brenthis hecate","GCA_951806755.1","Chromosome",56.075
"117","Insecta","Lepidoptera","Glossata","Nymphalidae","Brenthis","Brenthis ino","GCA_921882275.1","Chromosome",52.9334
"118","Insecta","Lepidoptera","Glossata","Geometridae","Cabera","Cabera pusaria","GCA_954871355.1","Chromosome",28.3905474330249
"119","Insecta","Lepidoptera","Glossata","Crambidae","Calamotropha","Calamotropha paludella","GCA_927399485.1","Chromosome",22.5705283990925
"120","Insecta","Lepidoptera","Glossata","Erebidae","Callimorpha","Callimorpha dominula","GCA_949752705.1","Chromosome",210.770537686707
"121","Insecta","Diptera","Brachycera","Calliphoridae","Calliphora","Calliphora vicina","GCA_958450345.1","Chromosome",18.1754181818182
"122","Insecta","Coleoptera","Polyphaga","Chrysomelidae","Callosobruchus","Callosobruchus chinensis","GCA_944317955.1","Contig",2.94077419354839
"123","Insecta","Coleoptera","Polyphaga","Chrysomelidae","Callosobruchus","Callosobruchus maculatus","GCA_900659725.1","Contig",2.94077419354839
"124","Insecta","Lepidoptera","Glossata","Riodinidae","Calydna","Calydna sturnula","GCA_018237325.1","Contig",33.899
"125","Insecta","Lepidoptera","Glossata","Geometridae","Campaea","Campaea margaritaria","GCA_912999815.1","Chromosome",64.2411844565894
"126","Insecta","Hymenoptera","Apocrita","Formicidae","Camponotus","Camponotus vicinus","GCA_025532165.1","Scaffold",107
"127","Insecta","Coleoptera","Polyphaga","Cantharidae","Cantharis","Cantharis rufa","GCA_947369205.1","Chromosome",31.8666666666667
"128","Insecta","Coleoptera","Polyphaga","Cantharidae","Cantharis","Cantharis rustica","GCA_911387805.1","Chromosome",20.0255629841305
"129","Insecta","Lepidoptera","Glossata","Noctuidae","Caradrina","Caradrina clavipalpis","GCA_932526535.1","Chromosome",116.62793020111
"130","Insecta","Lepidoptera","Glossata","Noctuidae","Caradrina","Caradrina kadenii","GCA_947462355.1","Chromosome",124.331421360407
"131","Insecta","Lepidoptera","Glossata","Hesperiidae","Carcharodus","Carcharodus alceae","GCA_018250545.1","Contig",36.3938
"132","Insecta","Lepidoptera","Glossata","Hesperiidae","Carterocephalus","Carterocephalus palaemon","GCA_944567765.1","Chromosome",37.595
"133","Insecta","Coleoptera","Polyphaga","Latridiidae","Cartodere","Cartodere bifasciata","GCA_963920755.1","Chromosome",0.0905
"134","Insecta","Lepidoptera","Glossata","Erebidae","Catocala","Catocala fraxini","GCA_930367265.1","Chromosome",868.33740590192
"135","Insecta","Lepidoptera","Glossata","Erebidae","Catocala","Catocala nupta","GCA_963675205.1","Chromosome",533.777366849105
"136","Insecta","Lepidoptera","Glossata","Lycaenidae","Celastrina","Celastrina argiolus","GCA_905187575.1","Chromosome",40.136
"137","Insecta","Lepidoptera","Glossata","Noctuidae","Ceramica","Ceramica pisi","GCA_963859965.1","Chromosome",193.43713877191
"138","Insecta","Lepidoptera","Glossata","Noctuidae","Cerastis","Cerastis leucographa","GCA_963082945.1","Chromosome",140.371527756814
"139","Insecta","Lepidoptera","Glossata","Noctuidae","Cerastis","Cerastis rubricosa","GCA_949152445.1","Chromosome",148.704648856704
"140","Insecta","Hymenoptera","Apocrita","Apidae","Ceratina","Ceratina calcarata","GCA_026724355.1","Scaffold",12.0751389612857
"141","Insecta","Diptera","Brachycera","Tephritidae","Ceratitis","Ceratitis capitata","GCF_000347755.1","Scaffold",2.73787896515326
"142","Insecta","Odonata","Zygoptera","Coenagrionidae","Ceriagrion","Ceriagrion tenellum","GCA_963169105.1","Chromosome",76.9236578518692
"143","Insecta","Coleoptera","Polyphaga","Scarabaeidae","Cetonia","Cetonia aurata","GCA_949128085.1","Chromosome",74.896127552022
"144","Insecta","Diptera","Brachycera","Syrphidae","Chalcosyrphus","Chalcosyrphus nemorum","GCA_949716465.1","Chromosome",41.1383008898211
"145","Insecta","Lepidoptera","Glossata","Geometridae","Chesias","Chesias legatella","GCA_947359385.1","Chromosome",38.4008238813958
"146","Insecta","Diptera","Nematocera","Chironomidae","Chironomus","Chironomus riparius","GCA_917627325.2","Chromosome",1
"147","Insecta","Diptera","Nematocera","Chironomidae","Chironomus","Chironomus tepperi","GCA_022539635.2","Scaffold",7.11666666666667
"148","Insecta","Lepidoptera","Glossata","Geometridae","Chloroclysta","Chloroclysta siterata","GCA_932294275.1","Chromosome",26.1708271737171
"149","Insecta","Lepidoptera","Glossata","Geometridae","Chloroclystis","Chloroclystis v-ata","GCA_963691955.1","Chromosome",7.45833072521163
"150","Insecta","Lepidoptera","Glossata","Crambidae","Chrysoteuchia","Chrysoteuchia culmella","GCA_910589605.1","Chromosome",13.14009958142
"151","Insecta","Diptera","Brachycera","Syrphidae","Chrysotoxum","Chrysotoxum bicinctum","GCA_911387755.1","Chromosome",56.8918639134183
"152","Insecta","Hemiptera","Heteroptera","Cimicidae","Cimex","Cimex lectularius","GCA_001460545.1","Scaffold",6
"153","Insecta","Lepidoptera","Glossata","Notodontidae","Clostera","Clostera curtula","GCA_905475355.2","Chromosome",92.6570616014677
"154","Insecta","Coleoptera","Polyphaga","Coccinellidae","Coccinella","Coccinella septempunctata","GCF_907165205.1","Chromosome",17.2103454159068
"155","Insecta","Lepidoptera","Glossata","Nymphalidae","Coenonympha","Coenonympha glycerion","GCA_963855885.1","Chromosome",46.835
"156","Insecta","Lepidoptera","Glossata","Geometridae","Colostygia","Colostygia pectinataria","GCA_951394395.1","Chromosome",18.3640736310914
"157","Insecta","Lepidoptera","Glossata","Noctuidae","Conistra","Conistra vaccinii","GCA_948150665.1","Chromosome",132.246548705648
"158","Insecta","Diptera","Nematocera","Cecidomyiidae","Contarinia","Contarinia nasturtii","GCF_009176525.2","Scaffold",0.300498910809504
"159","Insecta","Coleoptera","Polyphaga","Staphylinidae","Coproporus","Coproporus ventriculus","GCA_027574865.1","Scaffold",0.205
"160","Insecta","Blattodea",NA,"Rhinotermitidae","Coptotermes","Coptotermes formosanus","GCA_013340265.1","Scaffold",2.95
"161","Insecta","Lepidoptera","Glossata","Noctuidae","Cosmia","Cosmia pyralina","GCA_946251885.1","Chromosome",132.246548705648
"162","Insecta","Lepidoptera","Glossata","Noctuidae","Cosmia","Cosmia trapezina","GCA_905163495.1","Chromosome",132.246548705648
"163","Insecta","Lepidoptera","Glossata","Geometridae","Cosmorhoe","Cosmorhoe ocellata","GCA_963675405.1","Chromosome",20.1590072699008
"164","Insecta","Lepidoptera","Glossata","Crambidae","Crambus","Crambus lathoniellus","GCA_949710035.1","Chromosome",11.8300567124655
"165","Insecta","Lepidoptera","Glossata","Noctuidae","Craniophora","Craniophora ligustri","GCA_905163465.1","Chromosome",193.43713877191
"166","Insecta","Hemiptera","Heteroptera","Miridae","Creontiades","Creontiades dilutus","GCA_031894815.1","Contig",18.0309884757775
"167","Insecta","Lepidoptera","Glossata","Geometridae","Crocallis","Crocallis elinguaria","GCA_907269065.1","Chromosome",50.3121899041155
"168","Insecta","Coleoptera","Polyphaga","Chrysomelidae","Cryptocephalus","Cryptocephalus moraei","GCA_946251905.1","Chromosome",7.69548387096774
"169","Insecta","Coleoptera","Polyphaga","Cryptophagidae","Cryptophagus","Cryptophagus acutangulus","GCA_963556235.1","Chromosome",0.311
"170","Insecta","Siphonaptera","Pulicomorpha","Pulicidae","Ctenocephalides","Ctenocephalides felis","GCF_003426905.1","Scaffold",0.15
"171","Insecta","Lepidoptera","Glossata","Lycaenidae","Cyaniris","Cyaniris semiargus","GCA_905187585.1","Chromosome",39.33212
"172","Insecta","Lepidoptera","Glossata","Erebidae","Cybosia","Cybosia mesomella","GCA_946251805.1","Chromosome",55.3265409426199
"173","Insecta","Lepidoptera","Glossata","Geometridae","Cyclophora","Cyclophora albipunctata","GCA_963082685.1","Chromosome",16.6701783726698
"174","Insecta","Lepidoptera","Glossata","Geometridae","Cyclophora","Cyclophora punctaria","GCA_951394245.1","Chromosome",22.0570741849706
"175","Insecta","Lepidoptera","Glossata","Tortricidae","Cydia","Cydia pomonella","GCF_033807575.1","Chromosome",27.3752849545384
"176","Insecta","Coleoptera","Polyphaga","Tenebrionidae","Cynaeus","Cynaeus angustus","GCA_030157275.1","Chromosome",2.71
"177","Insecta","Lepidoptera","Glossata","Nymphalidae","Danaus","Danaus chrysippus","GCA_902713385.1","Contig",102.737
"178","Insecta","Lepidoptera","Glossata","Nymphalidae","Danaus","Danaus eresimus","GCA_018231745.1","Contig",122.603
"179","Insecta","Lepidoptera","Glossata","Nymphalidae","Danaus","Danaus erippus","GCA_018231765.1","Contig",133.32140000924
"180","Insecta","Lepidoptera","Glossata","Nymphalidae","Danaus","Danaus plexippus","GCF_009731565.1","Chromosome",134.19920000462
"181","Insecta","Lepidoptera","Glossata","Noctuidae","Dasypolia","Dasypolia templi","GCA_963555695.1","Chromosome",243.15154135303
"182","Insecta","Diptera","Brachycera","Syrphidae","Dasysyrphus","Dasysyrphus albostriatus","GCA_946251815.1","Chromosome",25.4455799919915
"183","Insecta","Lepidoptera","Glossata","Sphingidae","Deilephila","Deilephila elpenor","GCA_949752805.1","Chromosome",666.630417426803
"184","Insecta","Lepidoptera","Glossata","Sphingidae","Deilephila","Deilephila porcellus","GCA_905220455.1","Chromosome",309.508720846115
"185","Insecta","Coleoptera","Polyphaga","Curculionidae","Dendroctonus","Dendroctonus ponderosae","GCA_020466585.1","Scaffold",8.24972260950606
"186","Insecta","Coleoptera","Polyphaga","Curculionidae","Dendroctonus","Dendroctonus valens","GCA_024550625.1","Scaffold",10.0590018215355
"187","Insecta","Lepidoptera","Glossata","Lasiocampidae","Dendrolimus","Dendrolimus pini","GCA_949752895.1","Chromosome",1166.10864623821
"188","Insecta","Coleoptera","Polyphaga","Chrysomelidae","Diabrotica","Diabrotica virgifera","GCA_917563875.1","Chromosome",2.71
"189","Insecta","Lepidoptera","Glossata","Noctuidae","Diachrysia","Diachrysia chrysitis","GCA_932294365.1","Chromosome",184.086687629977
"190","Insecta","Lepidoptera","Glossata","Riodinidae","Dianesia","Dianesia carteri","GCA_018237465.1","Contig",39.443
"191","Insecta","Coleoptera","Polyphaga","Tenebrionidae","Diaperis","Diaperis boleti","GCA_963583935.1","Chromosome",5.72955159862781
"192","Insecta","Lepidoptera","Glossata","Erebidae","Diaphora","Diaphora mendica","GCA_949125395.1","Chromosome",75.9836242976221
"193","Insecta","Hemiptera","Sternorrhyncha","Psyllidae","Diaphorina","Diaphorina citri","GCA_030643865.1","Chromosome",0.832561549787081
"194","Insecta","Lepidoptera","Glossata","Noctuidae","Diarsia","Diarsia brunnea","GCA_949774965.1","Chromosome",193.43713877191
"195","Insecta","Lepidoptera","Glossata","Noctuidae","Diarsia","Diarsia dahlii","GCA_949775195.1","Chromosome",165.988820363766
"196","Insecta","Lepidoptera","Glossata","Noctuidae","Diarsia","Diarsia mendica","GCA_949316265.1","Chromosome",140.371527756814
"197","Insecta","Lepidoptera","Glossata","Noctuidae","Diarsia","Diarsia rubi","GCA_932274075.1","Chromosome",124.331421360407
"198","Insecta","Lepidoptera","Glossata","Noctuidae","Dicycla","Dicycla oo","GCA_948252095.1","Chromosome",157.244271689835
"199","Insecta","Lepidoptera","Glossata","Noctuidae","Diloba","Diloba caeruleocephala","GCA_947459985.1","Chromosome",174.936778979609
"200","Insecta","Coleoptera","Polyphaga","Chrysomelidae","Diorhabda","Diorhabda carinulata","GCF_026250575.1","Chromosome",10.89
"201","Insecta","Coleoptera","Polyphaga","Chrysomelidae","Diorhabda","Diorhabda elongata","GCA_026230145.1","Chromosome",9.81174193548387
"202","Insecta","Coleoptera","Polyphaga","Lucanidae","Dorcus","Dorcus parallelipipedus","GCA_958336345.1","Chromosome",63.8253669416766
"203","Insecta","Lepidoptera","Glossata","Drepanidae","Drepana","Drepana falcataria","GCA_945859725.1","Chromosome",172.623479667447
"204","Insecta","Diptera","Brachycera","Drosophilidae","Drosophila","Drosophila americana","GCA_030788265.1","Chromosome",1.1
"205","Insecta","Diptera","Brachycera","Drosophilidae","Drosophila","Drosophila buzzatii","GCA_035045845.1","Contig",1.13521810750257
"206","Insecta","Diptera","Brachycera","Drosophilidae","Drosophila","Drosophila melanogaster","GCF_000001215.4","Chromosome",1.20413822327247
"207","Insecta","Diptera","Brachycera","Drosophilidae","Drosophila","Drosophila nikananu","GCA_008042635.1","Scaffold",0.49
"208","Insecta","Diptera","Brachycera","Drosophilidae","Drosophila","Drosophila repleta","GCA_018903745.1","Contig",3.43
"209","Insecta","Diptera","Brachycera","Drosophilidae","Drosophila","Drosophila serrata","GCF_002093755.1","Contig",1.348
"210","Insecta","Diptera","Brachycera","Drosophilidae","Drosophila","Drosophila virilis","GCA_007989325.1","Chromosome",1.67
"211","Insecta","Coleoptera","Polyphaga","Staphylinidae","Drusilla","Drusilla canaliculata","GCA_027574885.1","Scaffold",0.59
"212","Insecta","Lepidoptera","Glossata","Notodontidae","Drymonia","Drymonia ruficornis","GCA_947859195.1","Chromosome",146.33242621407
"213","Insecta","Lepidoptera","Glossata","Noctuidae","Dryobota","Dryobota labecula","GCA_947523025.1","Chromosome",116.62793020111
"214","Insecta","Lepidoptera","Glossata","Noctuidae","Dryobotodes","Dryobotodes eremita","GCA_917490735.1","Chromosome",157.244271689835
"215","Insecta","Coleoptera","Polyphaga","Staphylinidae","Earota","Earota dentata","GCA_027574905.1","Scaffold",0.246
"216","Insecta","Lepidoptera","Glossata","Geometridae","Ecliptopera","Ecliptopera silaceata","GCA_932527185.1","Chromosome",24.0603369030385
"217","Insecta","Lepidoptera","Glossata","Geometridae","Ectropis","Ectropis crepuscularia","GCA_963693475.1","Chromosome",41.1957936606504
"218","Insecta","Lepidoptera","Glossata","Erebidae","Eilema","Eilema caniola","GCA_949126895.1","Chromosome",70.4541007338671
"219","Insecta","Lepidoptera","Glossata","Geometridae","Electrophaes","Electrophaes corylata","GCA_947095575.1","Chromosome",24.0603369030385
"220","Insecta","Lepidoptera","Glossata","Pyralidae","Elegia","Elegia similella","GCA_947532085.1","Chromosome",14.3792430193745
"221","Insecta","Coleoptera","Polyphaga","Elmidae","Elmis","Elmis aenea","GCA_947652605.1","Chromosome",0.0456
"222","Insecta","Lepidoptera","Glossata","Crambidae","Elophila","Elophila nymphaeata","GCA_955850985.1","Chromosome",24.4084541739215
"223","Insecta","Lepidoptera","Glossata","Riodinidae","Emesis","Emesis cypria","GCA_018237205.1","Contig",58.847
"224","Insecta","Lepidoptera","Glossata","Riodinidae","Emesis","Emesis lupina","GCA_018236285.1","Contig",49.145
"225","Insecta","Lepidoptera","Glossata","Riodinidae","Emesis","Emesis mandana","GCA_018237065.1","Contig",67.163
"226","Insecta","Lepidoptera","Glossata","Riodinidae","Emesis","Emesis ocypore","GCA_018237225.1","Contig",53.303
"227","Insecta","Lepidoptera","Glossata","Riodinidae","Emesis","Emesis tegula","GCA_018236225.1","Contig",50.531
"228","Insecta","Lepidoptera","Glossata","Riodinidae","Emesis","Emesis tenedia","GCA_018236205.1","Contig",53.303
"229","Insecta","Hymenoptera","Apocrita","Aphelinidae","Encarsia","Encarsia formosa","GCA_030522645.1","Scaffold",0.0866557616950343
"230","Insecta","Coleoptera","Polyphaga","Endomychidae","Endomychus","Endomychus coccineus","GCA_958510875.1","Chromosome",2.98193241837501
"231","Insecta","Lepidoptera","Glossata","Pyralidae","Endotricha","Endotricha flammealis","GCA_905163395.1","Chromosome",12.1892428666157
"232","Insecta","Lepidoptera","Glossata","Endromidae","Endromis","Endromis versicolora","GCA_028566835.1","Scaffold",932.863994713237
"233","Insecta","Coleoptera","Polyphaga","Hydrophilidae","Enochrus","Enochrus cinctus","GCA_033557785.1","Contig",4.76
"234","Insecta","Lepidoptera","Glossata","Hesperiidae","Epargyreus","Epargyreus clarus","GCA_014595695.2","Contig",77.0729
"235","Insecta","Ephemeroptera","Furcatergalia","Ephemeridae","Ephemera","Ephemera danica","GCA_000507165.2","Scaffold",4.361872
"236","Insecta","Lepidoptera","Glossata","Pyralidae","Ephestia","Ephestia elutella","GCA_018467065.1","Chromosome",8.50456887915176
"237","Insecta","Lepidoptera","Glossata","Pyralidae","Ephestia","Ephestia kuehniella","GCA_921028485.1","Contig",17.9297222706798
"238","Insecta","Lepidoptera","Glossata","Geometridae","Epirrhoe","Epirrhoe alternata","GCA_963565295.1","Chromosome",18.3640736310914
"239","Insecta","Lepidoptera","Glossata","Geometridae","Epirrhoe","Epirrhoe tristata","GCA_951394285.1","Chromosome",13.5769509815036
"240","Insecta","Lepidoptera","Glossata","Geometridae","Epirrita","Epirrita christyi","GCA_951392215.1","Chromosome",35.7247004283504
"241","Insecta","Diptera","Brachycera","Syrphidae","Episyrphus","Episyrphus balteatus","GCF_945859705.1","Chromosome",28.120634006434
"242","Insecta","Lepidoptera","Glossata","Geometridae","Erannis","Erannis defoliaria","GCA_905404285.2","Chromosome",60.5636041383137
"243","Insecta","Lepidoptera","Glossata","Nymphalidae","Erebia","Erebia aethiops","GCA_923060345.1","Chromosome",63.467
"244","Insecta","Lepidoptera","Glossata","Nymphalidae","Erebia","Erebia ligea","GCA_917051295.2","Chromosome",65.315
"245","Insecta","Lepidoptera","Glossata","Noctuidae","Eremobia","Eremobia ochroleuca","GCA_949629135.1","Chromosome",140.371527756814
"246","Insecta","Hymenoptera","Apocrita","Aphelinidae","Eretmocerus","Eretmocerus eremicus","GCA_030522705.1","Scaffold",0.216639404237586
"247","Insecta","Hemiptera","Sternorrhyncha","Aphididae","Eriosoma","Eriosoma lanigerum","GCA_013282895.1","Chromosome",0.344203891608086
"248","Insecta","Diptera","Brachycera","Syrphidae","Eristalinus","Eristalinus aeneus","GCA_955652365.1","Chromosome",77.6990017049775
"249","Insecta","Diptera","Brachycera","Syrphidae","Eristalis","Eristalis arbustorum","GCA_916610145.1","Chromosome",68.65546843485
"250","Insecta","Diptera","Brachycera","Syrphidae","Eristalis","Eristalis pertinax","GCA_907269125.1","Chromosome",83.9919497288465
"251","Insecta","Diptera","Brachycera","Syrphidae","Eristalis","Eristalis tenax","GCA_905231855.2","Chromosome",124.645390510236
"252","Insecta","Lepidoptera","Glossata","Hesperiidae","Erynnis","Erynnis tages","GCA_905147235.1","Chromosome",35.73314
"253","Insecta","Dermaptera","Neodermaptera","Anisolabididae","Euborellia","Euborellia annulipes","GCA_023213315.1","Scaffold",22.455
"254","Insecta","Hymenoptera","Apocrita","Apidae","Eucera","Eucera pruinosa","GCA_028830335.1","Scaffold",103.099629248787
"255","Insecta","Lepidoptera","Glossata","Erebidae","Euclidia","Euclidia mi","GCA_944739405.2","Chromosome",55.3265409426199
"256","Insecta","Lepidoptera","Glossata","Crambidae","Eudonia","Eudonia lacustrata","GCA_947562085.1","Chromosome",8.33786494873155
"257","Insecta","Lepidoptera","Glossata","Crambidae","Eudonia","Eudonia mercurella","GCA_963082485.1","Chromosome",7.31778254961482
"258","Insecta","Lepidoptera","Glossata","Crambidae","Eudonia","Eudonia truncicolella","GCA_949315975.1","Chromosome",11.8300567124655
"259","Insecta","Lepidoptera","Glossata","Noctuidae","Eugnorisma","Eugnorisma glareosa","GCA_947578425.1","Chromosome",148.704648856704
"260","Insecta","Lepidoptera","Glossata","Geometridae","Eulithis","Eulithis prunata","GCA_918843925.1","Chromosome",44.5389120054494
"261","Insecta","Lepidoptera","Glossata","Geometridae","Eulithis","Eulithis testata","GCA_947507515.1","Chromosome",32.9285667883455
"262","Insecta","Diptera","Brachycera","Syrphidae","Eupeodes","Eupeodes corollae","GCF_945859685.1","Chromosome",16.7534151886611
"263","Insecta","Diptera","Brachycera","Syrphidae","Eupeodes","Eupeodes latifasciatus","GCA_920104205.1","Chromosome",20.2703209724945
"264","Insecta","Diptera","Brachycera","Syrphidae","Eupeodes","Eupeodes luniger","GCA_951509635.1","Chromosome",52.161603436069
"265","Insecta","Lepidoptera","Glossata","Nymphalidae","Euphydryas","Euphydryas aurinia","GCA_033992205.1","Contig",55.7285
"266","Insecta","Lepidoptera","Glossata","Geometridae","Eupithecia","Eupithecia abbreviata","GCA_943735965.1","Chromosome",10.8618482453342
"267","Insecta","Lepidoptera","Glossata","Geometridae","Eupithecia","Eupithecia centaureata","GCA_944547425.1","Chromosome",10.8618482453342
"268","Insecta","Lepidoptera","Glossata","Geometridae","Eupithecia","Eupithecia dodoneata","GCA_947044415.1","Chromosome",7.45833072521163
"269","Insecta","Lepidoptera","Glossata","Geometridae","Eupithecia","Eupithecia exiguata","GCA_947086465.1","Chromosome",12.173250733819
"270","Insecta","Lepidoptera","Glossata","Geometridae","Eupithecia","Eupithecia insigniata","GCA_947859395.1","Chromosome",10.8618482453342
"271","Insecta","Lepidoptera","Glossata","Geometridae","Eupithecia","Eupithecia inturbata","GCA_963662085.1","Chromosome",6.49278068304269
"272","Insecta","Lepidoptera","Glossata","Geometridae","Eupithecia","Eupithecia subfuscata","GCA_963564075.1","Chromosome",10.8618482453342
"273","Insecta","Lepidoptera","Glossata","Geometridae","Eupithecia","Eupithecia subumbrata","GCA_949316285.1","Chromosome",10.8618482453342
"274","Insecta","Lepidoptera","Glossata","Geometridae","Eupithecia","Eupithecia tripunctaria","GCA_955876795.1","Chromosome",10.8618482453342
"275","Insecta","Lepidoptera","Glossata","Geometridae","Eupithecia","Eupithecia vulgata","GCA_946478455.1","Chromosome",10.8618482453342
"276","Insecta","Lepidoptera","Glossata","Erebidae","Euplagia","Euplagia quadripunctaria","GCA_963859945.1","Chromosome",343.444773581766
"277","Insecta","Lepidoptera","Glossata","Noctuidae","Euplexia","Euplexia lucipara","GCA_921972225.1","Chromosome",148.704648856704
"278","Insecta","Lepidoptera","Glossata","Erebidae","Euproctis","Euproctis similis","GCA_905147225.1","Chromosome",114.514410094794
"279","Insecta","Lepidoptera","Glossata","Noctuidae","Eupsilia","Eupsilia transversa","GCA_914767815.1","Chromosome",202.986773930129
"280","Insecta","Lepidoptera","Glossata","Pieridae","Eurema","Eurema hecabe","GCA_026213755.1","Scaffold",64.75136
"281","Insecta","Lepidoptera","Glossata","Noctuidae","Eurois","Eurois occulta","GCA_950022335.1","Chromosome",356.930321870536
"282","Insecta","Lepidoptera","Glossata","Riodinidae","Euselasia","Euselasia chrysippe","GCA_018237845.1","Contig",39.443
"283","Insecta","Lepidoptera","Glossata","Pyralidae","Euzophera","Euzophera pinguis","GCA_947363495.1","Chromosome",29.3626449059235
"284","Insecta","Lepidoptera","Glossata","Nymphalidae","Fabriciana","Fabriciana adippe","GCA_905404265.1","Chromosome",76.02416
"285","Insecta","Lepidoptera","Glossata","Drepanidae","Falcaria","Falcaria lacertinaria","GCA_951449985.1","Chromosome",102.097744019804
"286","Insecta","Diptera","Brachycera","Syrphidae","Ferdinandea","Ferdinandea cuprea","GCA_963576555.1","Chromosome",51.2765222913626
"287","Insecta","Hymenoptera","Apocrita","Formicidae","Formica","Formica exsecta","GCF_003651465.1","Scaffold",4.05
"288","Insecta","Thysanoptera","Terebrantia","Thripidae","Frankliniella","Frankliniella fusca","GCA_029379305.1","Scaffold",0.01
"289","Insecta","Thysanoptera","Terebrantia","Thripidae","Frankliniella","Frankliniella occidentalis","GCA_035583395.1","Chromosome",0.01
"290","Insecta","Lepidoptera","Glossata","Notodontidae","Furcula","Furcula furcula","GCA_911728495.1","Chromosome",102.097744019804
"291","Insecta","Coleoptera","Polyphaga","Chrysomelidae","Galerucella","Galerucella calmariensis","GCA_910591675.1","Scaffold",4.06761290322581
"292","Insecta","Coleoptera","Polyphaga","Chrysomelidae","Galerucella","Galerucella pusilla","GCA_910591695.1","Scaffold",2.94077419354839
"293","Insecta","Lepidoptera","Glossata","Pyralidae","Galleria","Galleria mellonella","GCA_958496185.1","Chromosome",65.6529941287463
"294","Insecta","Lepidoptera","Glossata","Geometridae","Gandaritis","Gandaritis pyraliata","GCA_947859175.1","Chromosome",30.7214721526036
"295","Insecta","Coleoptera","Polyphaga","Chrysomelidae","Gastrophysa","Gastrophysa polygoni","GCA_963576655.1","Chromosome",3.05
"296","Insecta","Hemiptera","Heteroptera","Gerridae","Gerris","Gerris buenoi","GCA_001010745.1","Scaffold",43.2902586753247
"297","Insecta","Lepidoptera","Glossata","Lycaenidae","Glaucopsyche","Glaucopsyche alexis","GCA_905404095.1","Chromosome",39.0965
"298","Insecta","Diptera","Brachycera","Glossinidae","Glossina","Glossina morsitans","GCA_001077435.1","Contig",22.34
"299","Insecta","Diptera","Brachycera","Glossinidae","Glossina","Glossina pallidipes","GCA_000688715.1","Scaffold",38.45
"300","Insecta","Lepidoptera","Glossata","Hesperiidae","Gomalia","Gomalia elma","GCA_018230945.1","Contig",40.10828
"301","Insecta","Hymenoptera","Apocrita","Bethylidae","Goniozus","Goniozus legneri","GCA_003055095.1","Scaffold",2.72965649339358
"302","Insecta","Lepidoptera","Glossata","Noctuidae","Gortyna","Gortyna flavago","GCA_963669345.1","Chromosome",184.086687629977
"303","Insecta","Lepidoptera","Glossata","Papilionidae","Graphium","Graphium colonna","GCA_025505425.1","Scaffold",124.59884
"304","Insecta","Lepidoptera","Glossata","Noctuidae","Griposia","Griposia aprilina","GCA_916610205.1","Chromosome",243.15154135303
"305","Insecta","Orthoptera","Ensifera","Gryllidae","Gryllus","Gryllus bimaculatus","GCA_017312745.1","Scaffold",596.832354388036
"306","Insecta","Lepidoptera","Glossata","Geometridae","Gymnoscelis","Gymnoscelis rufifasciata","GCA_929108375.1","Chromosome",6.49278068304269
"307","Insecta","Lepidoptera","Glossata","Drepanidae","Habrosyne","Habrosyne pyritoides","GCA_907165245.1","Chromosome",159.112807621522
"308","Insecta","Trichoptera","Integripalpia","Limnephilidae","Halesus","Halesus radiatus","GCA_022606495.1","Scaffold",2.026502
"309","Insecta","Hymenoptera","Apocrita","Halictidae","Halictus","Halictus ligatus","GCA_028454255.1","Chromosome",34.7213881518967
"310","Insecta","Hymenoptera","Apocrita","Halictidae","Halictus","Halictus rubicundus","GCA_028454235.1","Chromosome",40.5103050431033
"311","Insecta","Hemiptera","Heteroptera","Pentatomidae","Halyomorpha","Halyomorpha halys","GCA_000696795.3","Scaffold",124.041462071628
"312","Insecta","Coleoptera","Polyphaga","Coccinellidae","Halyzia","Halyzia sedecimguttata","GCA_937662695.2","Chromosome",3.38144647440895
"313","Insecta","Coleoptera","Polyphaga","Coccinellidae","Harmonia","Harmonia axyridis","GCA_011033045.2","Chromosome",9.1945525974026
"314","Insecta","Coleoptera","Adephaga","Carabidae","Harpalus","Harpalus rubripes","GCA_963082715.1","Chromosome",15.7
"315","Insecta","Coleoptera","Adephaga","Carabidae","Harpalus","Harpalus rufipes","GCA_951394225.1","Chromosome",50.5
"316","Insecta","Lepidoptera","Glossata","Noctuidae","Hecatera","Hecatera dysodea","GCA_905332915.1","Chromosome",132.246548705648
"317","Insecta","Lepidoptera","Glossata","Noctuidae","Helicoverpa","Helicoverpa armigera","GCA_030705265.1","Complete Genome",184.086687629977
"318","Insecta","Lepidoptera","Glossata","Noctuidae","Heliothis","Heliothis peltigera","GCA_958496145.1","Chromosome",184.086687629977
"319","Insecta","Lepidoptera","Glossata","Sphingidae","Hemaris","Hemaris fuciformis","GCA_907164795.1","Chromosome",270.193850837971
"320","Insecta","Lepidoptera","Glossata","Geometridae","Hemistola","Hemistola chrysoprasaria","GCA_947063395.1","Chromosome",41.1957936606504
"321","Insecta","Lepidoptera","Glossata","Geometridae","Hemithea","Hemithea aestivaria","GCA_947507615.1","Chromosome",26.1708271737171
"322","Insecta","Lepidoptera","Glossata","Erebidae","Herminia","Herminia tarsipennalis","GCA_945859575.1","Chromosome",55.3265409426199
"323","Insecta","Odonata","Zygoptera","Calopterygidae","Hetaerina","Hetaerina americana","GCA_022747625.1","Scaffold",143.591070638665
"324","Insecta","Lepidoptera","Glossata","Nymphalidae","Hipparchia","Hipparchia semele","GCA_933228805.2","Chromosome",72.245
"325","Insecta","Coleoptera","Polyphaga","Histeridae","Hololepta","Hololepta plana","GCA_963695495.1","Chromosome",5.47870961560574
"326","Insecta","Lepidoptera","Glossata","Noctuidae","Hoplodrina","Hoplodrina ambigua","GCA_949774945.1","Chromosome",124.331421360407
"327","Insecta","Lepidoptera","Glossata","Noctuidae","Hoplodrina","Hoplodrina blanda","GCA_949316365.1","Chromosome",132.246548705648
"328","Insecta","Lepidoptera","Glossata","Geometridae","Horisme","Horisme vitalbata","GCA_951804965.1","Chromosome",26.1708271737171
"329","Insecta","Lepidoptera","Glossata","Noctuidae","Hydraecia","Hydraecia micacea","GCA_914767645.1","Chromosome",184.086687629977
"330","Insecta","Lepidoptera","Glossata","Geometridae","Hydriomena","Hydriomena furcata","GCA_912999785.1","Chromosome",28.3905474330249
"331","Insecta","Lepidoptera","Glossata","Geometridae","Hylaea","Hylaea fasciaria","GCA_905147375.1","Chromosome",44.1114614230026
"332","Insecta","Lepidoptera","Glossata","Sphingidae","Hyles","Hyles euphorbiae","GCA_023078785.2","Chromosome",663.836100344131
"333","Insecta","Lepidoptera","Glossata","Erebidae","Hypena","Hypena proboscidalis","GCA_905147285.1","Chromosome",81.7624829735599
"334","Insecta","Lepidoptera","Glossata","Erebidae","Hyphantria","Hyphantria cunea","GCA_003709505.1","Scaffold",67.393704567669
"335","Insecta","Lepidoptera","Glossata","Nymphalidae","Hypolimnas","Hypolimnas misippus","GCA_008963455.1","Scaffold",103.199
"336","Insecta","Lepidoptera","Glossata","Geometridae","Hypomecis","Hypomecis punctinalis","GCA_949316475.1","Chromosome",80.299355382313
"337","Insecta","Lepidoptera","Glossata","Riodinidae","Hypophylla","Hypophylla argenissa","GCA_018237165.1","Contig",57.461
"338","Insecta","Coleoptera","Polyphaga","Curculionidae","Hypothenemus","Hypothenemus hampei","GCA_013372445.1","Scaffold",0.080967153387078
"339","Insecta","Lepidoptera","Glossata","Noctuidae","Hyppa","Hyppa rectilinea","GCA_951799385.1","Chromosome",184.086687629977
"340","Insecta","Lepidoptera","Glossata","Pyralidae","Hypsopygia","Hypsopygia costalis","GCA_937001555.1","Chromosome",12.1892428666157
"341","Insecta","Lepidoptera","Glossata","Geometridae","Idaea","Idaea aversata","GCA_907269075.1","Chromosome",24.0603369030385
"342","Insecta","Lepidoptera","Glossata","Geometridae","Idaea","Idaea biselata","GCA_958496205.1","Chromosome",9.64045706356623
"343","Insecta","Lepidoptera","Glossata","Geometridae","Idaea","Idaea dimidiata","GCA_949358125.1","Chromosome",8.50674495265915
"344","Insecta","Lepidoptera","Glossata","Geometridae","Idaea","Idaea straminata","GCA_951213275.1","Chromosome",20.1590072699008
"345","Insecta","Lepidoptera","Glossata","Papilionidae","Iphiclides","Iphiclides podalirius","GCA_933534255.1","Chromosome",103.199
"346","Insecta","Coleoptera","Polyphaga","Curculionidae","Ips","Ips typographus","GCA_016097725.1","Contig",5.15444439001967
"347","Insecta","Odonata","Zygoptera","Coenagrionidae","Ischnura","Ischnura elegans","GCA_921293095.2","Chromosome",8.03804845255426
"348","Insecta","Lepidoptera","Glossata","Noctuidae","Lacanobia","Lacanobia oleracea","GCA_950371165.1","Chromosome",165.988820363766
"349","Insecta","Lepidoptera","Glossata","Geometridae","Lampropteryx","Lampropteryx suffumata","GCA_948098915.1","Chromosome",26.1708271737171
"350","Insecta","Lepidoptera","Glossata","Sphingidae","Laothoe","Laothoe populi","GCA_905220505.1","Chromosome",1435.6916667574
"351","Insecta","Lepidoptera","Glossata","Riodinidae","Lasaia","Lasaia sula","GCA_018236625.1","Contig",40.829
"352","Insecta","Hymenoptera","Apocrita","Halictidae","Lasioglossum","Lasioglossum albipes","GCA_000346575.1","Scaffold",21.7081502010443
"353","Insecta","Hymenoptera","Apocrita","Halictidae","Lasioglossum","Lasioglossum calceatum","GCA_028455575.1","Chromosome",29.9080757355465
"354","Insecta","Hymenoptera","Apocrita","Halictidae","Lasioglossum","Lasioglossum lativentre","GCA_916610255.1","Chromosome",22.7066980894888
"355","Insecta","Hymenoptera","Apocrita","Halictidae","Lasioglossum","Lasioglossum leucozonium","GCA_028454225.1","Chromosome",33.4059024054347
"356","Insecta","Hymenoptera","Apocrita","Halictidae","Lasioglossum","Lasioglossum malachurum","GCA_028455605.1","Chromosome",34.4811941360711
"357","Insecta","Hymenoptera","Apocrita","Halictidae","Lasioglossum","Lasioglossum morio","GCA_916610235.2","Chromosome",7.43090487687258
"358","Insecta","Hymenoptera","Apocrita","Halictidae","Lasioglossum","Lasioglossum pauxillum","GCA_028455745.1","Chromosome",10.6495539425173
"359","Insecta","Hymenoptera","Apocrita","Halictidae","Lasioglossum","Lasioglossum zephyrum","GCA_028455615.1","Chromosome",18.1977099559572
"360","Insecta","Lepidoptera","Glossata","Nymphalidae","Lasiommata","Lasiommata megera","GCA_928268935.1","Chromosome",60.233
"361","Insecta","Hymenoptera","Apocrita","Formicidae","Lasius","Lasius niger","GCA_001045655.1","Scaffold",2.82746610124246
"362","Insecta","Coleoptera","Polyphaga","Tenebrionidae","Latheticus","Latheticus oryzae","GCA_030157265.1","Chromosome",2.80501276838017
"363","Insecta","Lepidoptera","Glossata","Pieridae","Leptidea","Leptidea juvernica","GCA_018238065.1","Contig",57.461
"364","Insecta","Lepidoptera","Glossata","Pieridae","Leptidea","Leptidea reali","GCA_018237925.1","Contig",56.537
"365","Insecta","Lepidoptera","Glossata","Pieridae","Leptidea","Leptidea sinapis","GCF_905404315.1","Chromosome",53.9498
"366","Insecta","Coleoptera","Polyphaga","Chrysomelidae","Leptinotarsa","Leptinotarsa decemlineata","GCA_024712935.1","Chromosome",76.4649892473118
"367","Insecta","Hymenoptera","Apocrita","Encyrtidae","Leptomastidea","Leptomastidea abnormis","GCA_030522805.1","Scaffold",0.259967285085103
"368","Insecta","Hymenoptera","Apocrita","Formicidae","Leptothorax","Leptothorax acervorum","GCA_035220615.1","Contig",1.05744554483516
"369","Insecta","Coleoptera","Polyphaga","Cerambycidae","Leptura","Leptura quadrifasciata","GCA_963675555.1","Chromosome",50.1041009543686
"370","Insecta","Lepidoptera","Glossata","Noctuidae","Leucania","Leucania comma","GCA_958295575.1","Chromosome",122.819624703683
"371","Insecta","Lepidoptera","Glossata","Erebidae","Leucoma","Leucoma salicis","GCA_948253155.1","Chromosome",162.726187120902
"372","Insecta","Lepidoptera","Glossata","Geometridae","Ligdia","Ligdia adustata","GCA_947049295.1","Chromosome",16.6701783726698
"373","Insecta","Lepidoptera","Glossata","Nymphalidae","Limenitis","Limenitis camilla","GCA_905147385.1","Chromosome",79.637
"374","Insecta","Diptera","Brachycera","Agromyzidae","Liriomyza","Liriomyza trifolii","GCA_001014935.1","Scaffold",0.36727644654495
"375","Insecta","Coleoptera","Polyphaga","Curculionidae","Listronotus","Listronotus oregonensis","GCA_019359885.1","Scaffold",16.689825971862
"376","Insecta","Lepidoptera","Glossata","Noctuidae","Lithophane","Lithophane leautieri","GCA_949152455.1","Chromosome",202.986773930129
"377","Insecta","Lepidoptera","Glossata","Noctuidae","Lithophane","Lithophane ornitopus","GCA_948473465.1","Chromosome",193.43713877191
"378","Insecta","Lepidoptera","Glossata","Noctuidae","Lithophane","Lithophane semibrunnea","GCA_947363905.1","Chromosome",193.43713877191
"379","Insecta","Lepidoptera","Glossata","Noctuidae","Lithophane","Lithophane socia","GCA_947522985.1","Chromosome",202.986773930129
"380","Insecta","Lepidoptera","Glossata","Erebidae","Lithosia","Lithosia quadra","GCA_963576445.1","Chromosome",153.99025848119
"381","Insecta","Lepidoptera","Glossata","Geometridae","Lobophora","Lobophora halterata","GCA_932526365.1","Chromosome",18.3640736310914
"382","Insecta","Orthoptera","Caelifera","Acrididae","Locusta","Locusta migratoria","GCA_026315105.1","Chromosome",1000
"383","Insecta","Lepidoptera","Glossata","Geometridae","Lomographa","Lomographa bimaculata","GCA_948107665.1","Chromosome",18.3640736310914
"384","Insecta","Diptera","Brachycera","Calliphoridae","Lucilia","Lucilia sericata","GCF_015586225.1","Contig",21.3408
"385","Insecta","Lepidoptera","Glossata","Noctuidae","Luperina","Luperina nickerlii","GCA_963855955.1","Chromosome",165.988820363766
"386","Insecta","Lepidoptera","Glossata","Noctuidae","Luperina","Luperina testacea","GCA_927399505.1","Chromosome",157.244271689835
"387","Insecta","Lepidoptera","Glossata","Lycaenidae","Lycaena","Lycaena phlaeas","GCA_905333005.1","Chromosome",35.2102093555714
"388","Insecta","Lepidoptera","Glossata","Geometridae","Lycia","Lycia hirtaria","GCA_947563715.1","Chromosome",57.0174031599476
"389","Insecta","Lepidoptera","Glossata","Noctuidae","Lycophotia","Lycophotia porphyrea","GCA_950005105.1","Chromosome",116.62793020111
"390","Insecta","Hemiptera","Heteroptera","Miridae","Lygus","Lygus lineolaris","GCA_030264115.1","Scaffold",5.11010392925851
"391","Insecta","Lepidoptera","Glossata","Erebidae","Lymantria","Lymantria monacha","GCA_905163515.2","Chromosome",171.749278143124
"392","Insecta","Lepidoptera","Glossata","Lycaenidae","Lysandra","Lysandra bellargus","GCA_905333045.1","Chromosome",41.753
"393","Insecta","Lepidoptera","Glossata","Lycaenidae","Lysandra","Lysandra coridon","GCA_905220515.1","Chromosome",43.601
"394","Insecta","Lepidoptera","Glossata","Geometridae","Macaria","Macaria notata","GCA_927399415.1","Chromosome",24.0603369030385
"395","Insecta","Hymenoptera","Apocrita","Melittidae","Macropis","Macropis europaea","GCA_916610135.1","Chromosome",18.2453706248895
"396","Insecta","Hemiptera","Sternorrhyncha","Aphididae","Macrosiphum","Macrosiphum euphorbiae","GCA_030849545.1","Contig",1.5092016785893
"397","Insecta","Coleoptera","Polyphaga","Melyridae","Malachius","Malachius bipustulatus","GCA_910589415.1","Chromosome",3.67918177880683
"398","Insecta","Lepidoptera","Glossata","Lasiocampidae","Malacosoma","Malacosoma neustria","GCA_963693495.1","Chromosome",122.879256850885
"399","Insecta","Coleoptera","Polyphaga","Cantharidae","Malthinus","Malthinus flaveolus","GCA_950108345.1","Chromosome",3.66215303808943
"400","Insecta","Lepidoptera","Glossata","Noctuidae","Mamestra","Mamestra brassicae","GCA_905163435.1","Chromosome",193.43713877191
"401","Insecta","Lepidoptera","Glossata","Noctuidae","Mamestra","Mamestra configurata","GCA_002192655.3","Scaffold",201.476716027409
"402","Insecta","Lepidoptera","Glossata","Sphingidae","Manduca","Manduca sexta","GCF_014839805.1","Chromosome",4470.28571428571
"403","Insecta","Lepidoptera","Glossata","Nymphalidae","Maniola","Maniola jurtina","GCF_905333055.1","Chromosome",68.8679217083517
"404","Insecta","Diptera","Nematocera","Cecidomyiidae","Mayetiola","Mayetiola destructor","GCA_001014435.1","Scaffold",1.13521810750257
"405","Insecta","Lepidoptera","Glossata","Crambidae","Mecyna","Mecyna flavalis","GCA_949319885.1","Chromosome",19.1246789408243
"406","Insecta","Hymenoptera","Apocrita","Megachilidae","Megachile","Megachile rotundata","GCA_022315175.1","Contig",46.4374273589446
"407","Insecta","Hymenoptera","Apocrita","Megachilidae","Megachile","Megachile willughbiella","GCA_945859595.1","Chromosome",180.146329462038
"408","Insecta","Lepidoptera","Glossata","Nolidae","Meganola","Meganola albula","GCA_936450015.1","Chromosome",28.1819918078034
"409","Insecta","Lepidoptera","Glossata","Nymphalidae","Melanargia","Melanargia galathea","GCA_920104075.1","Chromosome",62.4696688105291
"410","Insecta","Lepidoptera","Glossata","Noctuidae","Melanchra","Melanchra persicariae","GCA_947386135.1","Chromosome",202.986773930129
"411","Insecta","Lepidoptera","Glossata","Riodinidae","Melanis","Melanis pixe","GCA_018237345.1","Contig",64.391
"412","Insecta","Diptera","Brachycera","Syrphidae","Melanostoma","Melanostoma mellinum","GCA_914767635.1","Chromosome",15.9778920913526
"413","Insecta","Diptera","Brachycera","Syrphidae","Melanostoma","Melanostoma scalare","GCA_949752695.1","Chromosome",12.4494574008604
"414","Insecta","Coleoptera","Polyphaga","Elateridae","Melanotus","Melanotus villosus","GCA_963082815.1","Chromosome",42.4903697654291
"415","Insecta","Diptera","Brachycera","Syrphidae","Meliscaeva","Meliscaeva auricollis","GCA_948107695.1","Chromosome",8.35683798196766
"416","Insecta","Lepidoptera","Glossata","Nymphalidae","Melitaea","Melitaea cinxia","GCF_905220565.1","Chromosome",55.0355
"417","Insecta","Diptera","Brachycera","Syrphidae","Merodon","Merodon equestris","GCA_958301585.1","Chromosome",141.760361174384
"418","Insecta","Lepidoptera","Glossata","Noctuidae","Mesoligia","Mesoligia furuncula","GCA_916614155.1","Chromosome",81.3535522252283
"419","Insecta","Hemiptera","Sternorrhyncha","Aphididae","Metopolophium","Metopolophium dirhodum","GCF_019925205.1","Chromosome",0.661930560784782
"420","Insecta","Lepidoptera","Glossata","Erebidae","Miltochrista","Miltochrista miniata","GCA_933228765.1","Chromosome",46.4229133284914
"421","Insecta","Lepidoptera","Glossata","Sphingidae","Mimas","Mimas tiliae","GCA_905332985.1","Chromosome",545.309609862245
"422","Insecta","Coleoptera","Polyphaga","Cerambycidae","Molorchus","Molorchus minor","GCA_029963825.1","Contig",10.8483127198481
"423","Insecta","Coleoptera","Polyphaga","Cerambycidae","Monochamus","Monochamus saltuarius","GCA_025584915.1","Chromosome",40.376626780096
"424","Insecta","Diptera","Brachycera","Muscidae","Musca","Musca domestica","GCA_032878625.1","Contig",14.0491605966025
"425","Insecta","Lepidoptera","Glossata","Hesperiidae","Muschampia","Muschampia mohammed","GCA_018232005.1","Contig",40.136
"426","Insecta","Lepidoptera","Glossata","Hesperiidae","Muschampia","Muschampia proto","GCA_018230905.1","Contig",37.540715
"427","Insecta","Lepidoptera","Glossata","Hesperiidae","Muschampia","Muschampia tessellum","GCA_018232385.1","Contig",44.987
"428","Insecta","Hymenoptera","Apocrita","Pteromalidae","Muscidifurax","Muscidifurax raptorellus","GCA_020010945.3","Chromosome",0.433278808475171
"429","Insecta","Diptera","Brachycera","Syrphidae","Myathropa","Myathropa florea","GCA_930367185.1","Chromosome",79.724216340296
"430","Insecta","Lepidoptera","Glossata","Noctuidae","Mythimna","Mythimna albipuncta","GCA_929112965.1","Chromosome",148.704648856704
"431","Insecta","Lepidoptera","Glossata","Noctuidae","Mythimna","Mythimna ferrago","GCA_910589285.1","Chromosome",165.988820363766
"432","Insecta","Lepidoptera","Glossata","Noctuidae","Mythimna","Mythimna impura","GCA_905147345.2","Chromosome",157.244271689835
"433","Insecta","Lepidoptera","Glossata","Noctuidae","Mythimna","Mythimna pallens","GCA_961205895.1","Chromosome",148.704648856704
"434","Insecta","Lepidoptera","Glossata","Noctuidae","Mythimna","Mythimna vitellina","GCA_949316375.1","Chromosome",109.137940661348
"435","Insecta","Hymenoptera","Apocrita","Pteromalidae","Nasonia","Nasonia vitripennis","GCF_009193385.2","Chromosome",1.5164758296631
"436","Insecta","Coleoptera","Adephaga","Carabidae","Nebria","Nebria brevicollis","GCA_944738965.1","Chromosome",57.1780597014925
"437","Insecta","Coleoptera","Polyphaga","Silphidae","Nicrophorus","Nicrophorus investigator","GCA_963457615.1","Chromosome",505.701218400759
"438","Insecta","Coleoptera","Polyphaga","Silphidae","Nicrophorus","Nicrophorus orbicollis","GCA_018845635.1","Scaffold",121.7
"439","Insecta","Lepidoptera","Glossata","Noctuidae","Noctua","Noctua comes","GCA_963082995.1","Chromosome",202.986773930129
"440","Insecta","Lepidoptera","Glossata","Noctuidae","Noctua","Noctua fimbriata","GCA_905163415.1","Chromosome",332.679908210986
"441","Insecta","Lepidoptera","Glossata","Noctuidae","Noctua","Noctua janthe","GCA_910589295.1","Chromosome",193.43713877191
"442","Insecta","Lepidoptera","Glossata","Noctuidae","Noctua","Noctua janthina","GCA_963576755.1","Chromosome",174.936778979609
"443","Insecta","Lepidoptera","Glossata","Noctuidae","Noctua","Noctua pronuba","GCA_905220335.1","Chromosome",309.169140237945
"444","Insecta","Hymenoptera","Apocrita","Apidae","Nomada","Nomada fabriciana","GCA_907165295.1","Chromosome",17.340740531442
"445","Insecta","Hymenoptera","Apocrita","Apidae","Nomada","Nomada flava","GCA_951802745.1","Chromosome",48.6329903795398
"446","Insecta","Hymenoptera","Apocrita","Apidae","Nomada","Nomada fucata","GCA_948146005.1","Chromosome",37.5432823595022
"447","Insecta","Hymenoptera","Apocrita","Halictidae","Nomia","Nomia melanderi","GCF_003710045.2","Scaffold",155.378113507281
"448","Insecta","Lepidoptera","Glossata","Crambidae","Nomophila","Nomophila noctuella","GCA_958496325.1","Chromosome",22.5705283990925
"449","Insecta","Lepidoptera","Glossata","Notodontidae","Notodonta","Notodonta dromedarius","GCA_905147325.1","Chromosome",234.386717664566
"450","Insecta","Lepidoptera","Glossata","Notodontidae","Notodonta","Notodonta ziczac","GCA_918843915.1","Chromosome",217.745985838624
"451","Insecta","Lepidoptera","Glossata","Erebidae","Nudaria","Nudaria mundana","GCA_963556515.1","Chromosome",28.0767867211691
"452","Insecta","Lepidoptera","Glossata","Nolidae","Nycteola","Nycteola revayana","GCA_947037095.1","Chromosome",42.3835864234389
"453","Insecta","Lepidoptera","Glossata","Nymphalidae","Nymphalis","Nymphalis polychloros","GCA_905220585.2","Chromosome",80.6765
"454","Insecta","Lepidoptera","Glossata","Riodinidae","Nymphidium","Nymphidium onaeum","GCA_018237665.1","Contig",54.689
"455","Insecta","Lepidoptera","Glossata","Crambidae","Nymphula","Nymphula nitidulata","GCA_947347705.1","Chromosome",14.5240662757055
"456","Insecta","Lepidoptera","Glossata","Hesperiidae","Ochlodes","Ochlodes sylvanus","GCA_905404295.1","Chromosome",41.06
"457","Insecta","Lepidoptera","Glossata","Drepanidae","Ochropacha","Ochropacha duplaris","GCA_951361185.1","Chromosome",102.097744019804
"458","Insecta","Lepidoptera","Glossata","Noctuidae","Ochropleura","Ochropleura leucogaster","GCA_958449745.1","Chromosome",132.246548705648
"459","Insecta","Lepidoptera","Glossata","Noctuidae","Ochropleura","Ochropleura plecta","GCA_905475445.1","Chromosome",116.62793020111
"460","Insecta","Coleoptera","Polyphaga","Staphylinidae","Ocypus","Ocypus olens","GCA_910593695.2","Chromosome",169.35
"461","Insecta","Lepidoptera","Glossata","Noctuidae","Oligia","Oligia fasciuncula","GCA_963082905.1","Chromosome",81.3535522252283
"462","Insecta","Lepidoptera","Glossata","Noctuidae","Oligia","Oligia latruncula","GCA_948474745.1","Chromosome",94.8063751335302
"463","Insecta","Lepidoptera","Glossata","Noctuidae","Oligia","Oligia strigilis","GCA_951800025.1","Chromosome",94.8063751335302
"464","Insecta","Lepidoptera","Glossata","Noctuidae","Omphaloscelis","Omphaloscelis lunosa","GCA_916610215.1","Chromosome",148.704648856704
"465","Insecta","Lepidoptera","Glossata","Geometridae","Operophtera","Operophtera brumata","GCA_932527175.1","Chromosome",22.0570741849706
"466","Insecta","Lepidoptera","Glossata","Geometridae","Opisthograptis","Opisthograptis luteolata","GCA_931315375.2","Chromosome",35.7247004283504
"467","Insecta","Lepidoptera","Glossata","Erebidae","Orgyia","Orgyia antiqua","GCA_916999025.1","Chromosome",55.3265409426199
"468","Insecta","Hemiptera","Heteroptera","Anthocoridae","Orius","Orius insidiosus","GCA_014119065.1","Contig",0.317726669176695
"469","Insecta","Hemiptera","Heteroptera","Anthocoridae","Orius","Orius laevigatus","GCA_018703685.1","Scaffold",1.05908889725565
"470","Insecta","Lepidoptera","Glossata","Noctuidae","Orthosia","Orthosia gothica","GCA_949775005.1","Chromosome",157.244271689835
"471","Insecta","Lepidoptera","Glossata","Noctuidae","Orthosia","Orthosia gracilis","GCA_947562075.1","Chromosome",174.936778979609
"472","Insecta","Lepidoptera","Glossata","Noctuidae","Orthosia","Orthosia incerta","GCA_948252205.1","Chromosome",193.43713877191
"473","Insecta","Coleoptera","Polyphaga","Silvanidae","Oryzaephilus","Oryzaephilus surinamensis","GCA_004796505.1","Scaffold",2.57126170434849
"474","Insecta","Hymenoptera","Apocrita","Megachilidae","Osmia","Osmia bicornis","GCF_907164935.1","Chromosome",89.9405566617866
"475","Insecta","Coleoptera","Polyphaga","Scarabaeidae","Osmoderma","Osmoderma eremita","GCA_031763485.1","Scaffold",207.682155220423
"476","Insecta","Lepidoptera","Glossata","Crambidae","Ostrinia","Ostrinia nubilalis","GCA_963855985.1","Chromosome",24.4203200981846
"477","Insecta","Coleoptera","Polyphaga","Staphylinidae","Oxypoda","Oxypoda opaca","GCA_913698015.1","Contig",0.698
"478","Insecta","Lepidoptera","Glossata","Riodinidae","Pachythone","Pachythone gigas","GCA_018237685.1","Contig",47.759
"479","Insecta","Odonata","Epiprocta","Libellulidae","Pantala","Pantala flavescens","GCA_020796165.1","Chromosome",457.20352339139
"480","Insecta","Lepidoptera","Glossata","Papilionidae","Papilio","Papilio alexanor","GCA_018246295.1","Contig",88.415
"481","Insecta","Lepidoptera","Glossata","Papilionidae","Papilio","Papilio dardanus","GCA_013186455.1","Scaffold",145.72148
"482","Insecta","Lepidoptera","Glossata","Papilionidae","Papilio","Papilio machaon","GCF_912999745.1","Chromosome",102.1595
"483","Insecta","Lepidoptera","Glossata","Papilionidae","Papilio","Papilio polyxenes","GCA_018230105.1","Contig",121.0784
"484","Insecta","Lepidoptera","Glossata","Crambidae","Parapoynx","Parapoynx stratiotata","GCA_910589355.1","Chromosome",17.5158582895521
"485","Insecta","Lepidoptera","Glossata","Nymphalidae","Pararge","Pararge aegeria","GCF_905163445.1","Chromosome",60.5795
"486","Insecta","Lepidoptera","Glossata","Erebidae","Parascotia","Parascotia fuliginaria","GCA_963082885.1","Chromosome",38.4294402263026
"487","Insecta","Lepidoptera","Glossata","Papilionidae","Parnassius","Parnassius apollo","GCA_018252475.1","Contig",98.348
"488","Insecta","Lepidoptera","Glossata","Geometridae","Pasiphila","Pasiphila rectangulata","GCA_963082625.1","Chromosome",7.45833072521163
"489","Insecta","Lepidoptera","Glossata","Gelechiidae","Pectinophora","Pectinophora gossypiella","GCF_024362695.1","Chromosome",27.3431165820889
"490","Insecta","Lepidoptera","Glossata","Erebidae","Pelosia","Pelosia muscerda","GCA_963691645.1","Chromosome",55.3265409426199
"491","Insecta","Lepidoptera","Glossata","Geometridae","Peribatodes","Peribatodes rhomboidaria","GCA_911728515.1","Chromosome",53.6008487110163
"492","Insecta","Blattodea",NA,"Blattidae","Periplaneta","Periplaneta americana","GCA_025594305.1","Scaffold",900
"493","Insecta","Lepidoptera","Glossata","Geometridae","Petrophora","Petrophora chlorosata","GCA_951640565.1","Chromosome",30.7214721526036
"494","Insecta","Lepidoptera","Glossata","Notodontidae","Phalera","Phalera bucephala","GCA_905147815.1","Chromosome",564.6137366168
"495","Insecta","Lepidoptera","Glossata","Lycaenidae","Phengaris","Phengaris arion","GCA_963565745.1","Chromosome",49.607
"496","Insecta","Lepidoptera","Glossata","Lycaenidae","Phengaris","Phengaris teleius","GCA_028567015.1","Scaffold",46.835
"497","Insecta","Lepidoptera","Glossata","Notodontidae","Pheosia","Pheosia gnoma","GCA_905404115.1","Chromosome",309.508720846115
"498","Insecta","Lepidoptera","Glossata","Notodontidae","Pheosia","Pheosia tremula","GCA_905333125.1","Chromosome",399.336430442259
"499","Insecta","Lepidoptera","Glossata","Geometridae","Philereme","Philereme vetulata","GCA_918857605.1","Chromosome",22.0570741849706
"500","Insecta","Coleoptera","Polyphaga","Staphylinidae","Philonthus","Philonthus cognatus","GCA_932526585.2","Chromosome",7.98
"501","Insecta","Diptera","Nematocera","Psychodidae","Phlebotomus","Phlebotomus papatasi","GCA_024763615.1","Chromosome",2.27878340697207
"502","Insecta","Lepidoptera","Glossata","Noctuidae","Phlogophora","Phlogophora meticulosa","GCA_905147745.2","Chromosome",297.693444216751
"503","Insecta","Lepidoptera","Glossata","Pieridae","Phoebis","Phoebis sennae","GCA_001586405.1","Scaffold",90.27455
"504","Insecta","Diptera","Brachycera","Calliphoridae","Phormia","Phormia regina","GCA_001735545.1","Scaffold",33.0793818181818
"505","Insecta","Lepidoptera","Glossata","Erebidae","Phragmatobia","Phragmatobia fuliginosa","GCA_932526445.1","Chromosome",65.3999782622758
"506","Insecta","Lepidoptera","Glossata","Gelechiidae","Phthorimaea","Phthorimaea operculella","GCA_024500475.1","Contig",27.3752849545384
"507","Insecta","Coleoptera","Polyphaga","Chrysomelidae","Phyllotreta","Phyllotreta cruciferae","GCA_917563865.1","Chromosome",0.112
"508","Insecta","Coleoptera","Polyphaga","Chrysomelidae","Phyllotreta","Phyllotreta striolata","GCA_918026865.1","Chromosome",0.2135
"509","Insecta","Lepidoptera","Glossata","Pieridae","Pieris","Pieris brassicae","GCF_905147105.1","Chromosome",83.795
"510","Insecta","Lepidoptera","Glossata","Pieridae","Pieris","Pieris mannii","GCA_028984075.1","Chromosome",62.6585
"511","Insecta","Lepidoptera","Glossata","Pieridae","Pieris","Pieris napi","GCF_905475465.1","Chromosome",62.312
"512","Insecta","Lepidoptera","Glossata","Pieridae","Pieris","Pieris rapae","GCF_905147795.1","Chromosome",61.0570100901091
"513","Insecta","Coleoptera","Polyphaga","Chrysomelidae","Plagiodera","Plagiodera versicolora","GCA_035321685.1","Chromosome",3.25
"514","Insecta","Lepidoptera","Glossata","Geometridae","Plagodis","Plagodis dolabraria","GCA_963854805.1","Chromosome",35.7247004283504
"515","Insecta","Lepidoptera","Glossata","Geometridae","Plagodis","Plagodis pulveraria","GCA_963890685.1","Chromosome",38.4008238813958
"516","Insecta","Diptera","Brachycera","Syrphidae","Platycheirus","Platycheirus albimanus","GCA_916050605.1","Chromosome",12.3571837298168
"517","Insecta","Odonata","Zygoptera","Platycnemididae","Platycnemis","Platycnemis pennipes","GCA_933228895.1","Chromosome",107.880049964379
"518","Insecta","Coleoptera","Polyphaga","Curculionidae","Platypus","Platypus cylindrus","GCA_949748235.1","Chromosome",2.3569760269482
"519","Insecta","Lepidoptera","Glossata","Lycaenidae","Plebejus","Plebejus argus","GCA_905404155.3","Chromosome",35.285
"520","Insecta","Lepidoptera","Glossata","Lycaenidae","Plebejus","Plebejus idas","GCA_018236485.1","Contig",36.671
"521","Insecta","Lepidoptera","Glossata","Geometridae","Plemyria","Plemyria rubiginata","GCA_963576535.1","Chromosome",18.3640736310914
"522","Insecta","Lepidoptera","Glossata","Pyralidae","Plodia","Plodia interpunctella","GCF_027563975.1","Chromosome",10.2356336444087
"523","Insecta","Lepidoptera","Glossata","Noctuidae","Plusia","Plusia festucae","GCA_950381575.1","Chromosome",165.988820363766
"524","Insecta","Lepidoptera","Glossata","Plutellidae","Plutella","Plutella xylostella","GCF_932276165.1","Chromosome",6.20849588275665
"525","Insecta","Coleoptera","Polyphaga","Cantharidae","Podabrus","Podabrus alpinus","GCA_932274525.1","Chromosome",22.3052545462377
"526","Insecta","Hymenoptera","Apocrita","Formicidae","Pogonomyrmex","Pogonomyrmex californicus","GCA_024349325.1","Scaffold",5.92
"527","Insecta","Lepidoptera","Glossata","Noctuidae","Polia","Polia nebulosa","GCA_951329385.1","Chromosome",309.169140237945
"528","Insecta","Coleoptera","Polyphaga","Curculionidae","Polydrusus","Polydrusus cervinus","GCA_935413205.1","Chromosome",2.01955571180761
"529","Insecta","Lepidoptera","Glossata","Noctuidae","Polymixis","Polymixis flavicincta","GCA_949987655.1","Chromosome",222.678389963285
"530","Insecta","Lepidoptera","Glossata","Noctuidae","Polymixis","Polymixis lichenea","GCA_949091785.1","Chromosome",165.988820363766
"531","Insecta","Lepidoptera","Glossata","Lycaenidae","Polyommatus","Polyommatus icarus","GCA_937595015.1","Chromosome",31.0112764896314
"532","Insecta","Lepidoptera","Glossata","Lycaenidae","Polyommatus","Polyommatus iphigenia","GCA_963422495.1","Chromosome",42.215
"533","Insecta","Lepidoptera","Glossata","Drepanidae","Polyploca","Polyploca ridens","GCA_951394255.1","Chromosome",102.097744019804
"534","Insecta","Lepidoptera","Glossata","Pieridae","Pontia","Pontia daplidice","GCA_963693355.1","Contig",56.87195
"535","Insecta","Coleoptera","Polyphaga","Scarabaeidae","Popillia","Popillia japonica","GCA_031211285.1","Scaffold",30.5418518518519
"536","Insecta","Coleoptera","Archostemata","Cupedidae","Priacma","Priacma serrata","GCA_000281835.1","Contig",20.6
"537","Insecta","Hymenoptera","Apocrita","Bethylidae","Prorops","Prorops nasuta","GCA_024137725.1","Contig",1.5164758296631
"538","Insecta","Diptera","Brachycera","Calliphoridae","Protophormia","Protophormia terraenovae","GCA_951394005.1","Chromosome",19.6348727272727
"539","Insecta","Coleoptera","Polyphaga","Anthribidae","Pseudeuparius","Pseudeuparius sepicola","GCA_963920635.1","Chromosome",1.44700100555562
"540","Insecta","Lepidoptera","Glossata","Nolidae","Pseudoips","Pseudoips prasinana","GCA_951640165.1","Chromosome",134.261507727253
"541","Insecta","Coleoptera","Adephaga","Carabidae","Pterostichus","Pterostichus niger","GCA_947425015.1","Chromosome",221.229467228455
"542","Insecta","Lepidoptera","Glossata","Pyralidae","Pyralis","Pyralis farinalis","GCA_947507595.1","Chromosome",33.2640472250986
"543","Insecta","Lepidoptera","Glossata","Crambidae","Pyrausta","Pyrausta aurata","GCA_963584085.1","Chromosome",7.31778254961482
"544","Insecta","Lepidoptera","Glossata","Crambidae","Pyrausta","Pyrausta nigrata","GCA_949316185.1","Chromosome",6.3686181086276
"545","Insecta","Lepidoptera","Glossata","Hesperiidae","Pyrgus","Pyrgus malvae","GCA_911387765.1","Chromosome",31.127
"546","Insecta","Coleoptera","Polyphaga","Pyrochroidae","Pyrochroa","Pyrochroa serraticornis","GCA_905333025.1","Chromosome",21.8534535609494
"547","Insecta","Lepidoptera","Glossata","Noctuidae","Pyrrhia","Pyrrhia umbra","GCA_963891755.1","Chromosome",184.086687629977
"548","Insecta","Odonata","Zygoptera","Coenagrionidae","Pyrrhosoma","Pyrrhosoma nymphula","GCA_963573305.1","Chromosome",99.6906485491309
"549","Insecta","Coleoptera","Polyphaga","Cerambycidae","Rhagium","Rhagium mordax","GCA_963680705.1","Chromosome",47.569508223968
"550","Insecta","Coleoptera","Polyphaga","Cantharidae","Rhagonycha","Rhagonycha fulva","GCA_905340355.1","Chromosome",12.0609589041096
"551","Insecta","Coleoptera","Polyphaga","Cantharidae","Rhagonycha","Rhagonycha lutea","GCA_958510855.1","Chromosome",5.89660816807276
"552","Insecta","Coleoptera","Polyphaga","Cerambycidae","Rhamnusium","Rhamnusium bicolor","GCA_029963845.1","Contig",66.1831153717202
"553","Insecta","Diptera","Brachycera","Syrphidae","Rhingia","Rhingia campestris","GCA_932526625.1","Chromosome",46.8119424667849
"554","Insecta","Diptera","Brachycera","Syrphidae","Rhingia","Rhingia rostrata","GCA_949824845.1","Chromosome",46.3135599093182
"555","Insecta","Hemiptera","Heteroptera","Reduviidae","Rhodnius","Rhodnius prolixus","GCA_000181055.1","Contig",66.75
"556","Insecta","Lepidoptera","Glossata","Pyralidae","Rhodophaea","Rhodophaea formosa","GCA_963082605.1","Chromosome",16.8195237990024
"557","Insecta","Hemiptera","Sternorrhyncha","Aphididae","Rhopalosiphum","Rhopalosiphum padi","GCF_020882245.1","Chromosome",0.556021671059217
"558","Insecta","Coleoptera","Polyphaga","Bostrichidae","Rhyzopertha","Rhyzopertha dominica","GCA_025024175.1","Scaffold",0.303
"559","Insecta","Coleoptera","Polyphaga","Cerambycidae","Rutpela","Rutpela maculata","GCA_936432065.2","Chromosome",45.2859956911286
"560","Insecta","Coleoptera","Polyphaga","Salpingidae","Salpingus","Salpingus planirostris","GCA_949788335.1","Chromosome",0.696438021416961
"561","Insecta","Diptera","Brachycera","Sarcophagidae","Sarcophaga","Sarcophaga carnaria","GCA_958299815.1","Chromosome",98.1345172118637
"562","Insecta","Diptera","Brachycera","Sarcophagidae","Sarcophaga","Sarcophaga variegata","GCA_932273835.1","Chromosome",54.2652668871484
"563","Insecta","Lepidoptera","Glossata","Riodinidae","Sarota","Sarota myrtea","GCA_018237485.1","Contig",29.741
"564","Insecta","Lepidoptera","Glossata","Saturniidae","Saturnia","Saturnia pavonia","GCA_947532125.1","Chromosome",1021.97409887704
"565","Insecta","Diptera","Brachycera","Syrphidae","Scaeva","Scaeva pyrastri","GCA_905146935.1","Chromosome",60.5014000042174
"566","Insecta","Orthoptera","Caelifera","Acrididae","Schistocerca","Schistocerca americana","GCA_021461395.1","Chromosome",1782
"567","Insecta","Orthoptera","Caelifera","Acrididae","Schistocerca","Schistocerca gregaria","GCF_023897955.1","Chromosome",1690
"568","Insecta","Coleoptera","Polyphaga","Pyrochroidae","Schizotus","Schizotus pectinicornis","GCA_951805265.1","Chromosome",11.3762209763053
"569","Insecta","Lepidoptera","Glossata","Erebidae","Schrankia","Schrankia costaestrigalis","GCA_905475405.1","Chromosome",22.2183725575198
"570","Insecta","Lepidoptera","Glossata","Crambidae","Scoparia","Scoparia ambigualis","GCA_963921215.1","Chromosome",10.593389181004
"571","Insecta","Lepidoptera","Glossata","Geometridae","Scotopteryx","Scotopteryx bipunctaria","GCA_949320045.1","Chromosome",30.7214721526036
"572","Insecta","Lepidoptera","Glossata","Geometridae","Selenia","Selenia dentaria","GCA_917880725.1","Chromosome",41.1957936606504
"573","Insecta","Lepidoptera","Glossata","Noctuidae","Sesamia","Sesamia nonagrioides","GCA_017933935.1","Scaffold",157.244271689835
"574","Insecta","Lepidoptera","Glossata","Sesiidae","Sesia","Sesia apiformis","GCA_914767545.1","Chromosome",172.623479667447
"575","Insecta","Lepidoptera","Glossata","Sesiidae","Sesia","Sesia bembeciformis","GCA_943735995.1","Chromosome",122.879256850885
"576","Insecta","Megaloptera",NA,"Sialidae","Sialis","Sialis fuliginosa","GCA_961205875.1","Chromosome",2.756309
"577","Insecta","Megaloptera",NA,"Sialidae","Sialis","Sialis lutaria","GCA_949319165.1","Chromosome",6.429768
"578","Insecta","Coleoptera","Polyphaga","Curculionidae","Sitophilus","Sitophilus oryzae","GCF_002938485.1","Scaffold",9.20979192284824
"579","Insecta","Hymenoptera","Apocrita","Formicidae","Solenopsis","Solenopsis invicta","GCF_016802725.1","Chromosome",4.65333333333333
"580","Insecta","Diptera","Brachycera","Syrphidae","Sphaerophoria","Sphaerophoria taeniata","GCA_943590905.1","Chromosome",12.879717204974
"581","Insecta","Lepidoptera","Glossata","Sphingidae","Sphinx","Sphinx pinastri","GCA_947568825.1","Chromosome",1435.6916667574
"582","Insecta","Lepidoptera","Glossata","Hesperiidae","Spialia","Spialia orbifer","GCA_018248375.1","Contig",31.589
"583","Insecta","Lepidoptera","Glossata","Hesperiidae","Spialia","Spialia phlomidis","GCA_018232305.1","Contig",38.057
"584","Insecta","Lepidoptera","Glossata","Hesperiidae","Spialia","Spialia sertorius","GCA_018232345.1","Contig",30.6188
"585","Insecta","Lepidoptera","Glossata","Erebidae","Spilosoma","Spilosoma lubricipeda","GCA_905220595.1","Chromosome",94.2612375577035
"586","Insecta","Lepidoptera","Glossata","Noctuidae","Spodoptera","Spodoptera exigua","GCA_902829305.4","Chromosome",116.62793020111
"587","Insecta","Lepidoptera","Glossata","Noctuidae","Spodoptera","Spodoptera littoralis","GCA_902850265.1","Chromosome",165.988820363766
"588","Insecta","Coleoptera","Adephaga","Carabidae","Stenolophus","Stenolophus ochropezus","GCA_035578165.1","Scaffold",4.56
"589","Insecta","Coleoptera","Polyphaga","Cerambycidae","Stenurella","Stenurella melanura","GCA_963583905.1","Chromosome",16.5598463535769
"590","Insecta","Diptera","Brachycera","Muscidae","Stomoxys","Stomoxys calcitrans","GCF_963082655.1","Chromosome",12.287066575322
"591","Insecta","Lepidoptera","Glossata","Noctuidae","Subacronicta","Subacronicta megacephala","GCA_958496365.1","Chromosome",202.986773930129
"592","Insecta","Lepidoptera","Glossata","Riodinidae","Symmachia","Symmachia rubina","GCA_018237705.1","Contig",40.829
"593","Insecta","Odonata","Epiprocta","Libellulidae","Sympetrum","Sympetrum striolatum","GCA_947579665.1","Chromosome",177.261499503342
"594","Insecta","Lepidoptera","Glossata","Sesiidae","Synanthedon","Synanthedon andrenaeformis","GCA_936446665.1","Chromosome",24.2781855251839
"595","Insecta","Lepidoptera","Glossata","Sesiidae","Synanthedon","Synanthedon formicaeformis","GCA_945859745.1","Chromosome",24.2781855251839
"596","Insecta","Lepidoptera","Glossata","Sesiidae","Synanthedon","Synanthedon myopaeformis","GCA_944738685.1","Chromosome",24.2781855251839
"597","Insecta","Lepidoptera","Glossata","Sesiidae","Synanthedon","Synanthedon tipuliformis","GCA_947623395.1","Chromosome",17.5945944286943
"598","Insecta","Diptera","Brachycera","Syrphidae","Syritta","Syritta pipiens","GCA_905187475.1","Chromosome",15.7756028360318
"599","Insecta","Diptera","Brachycera","Syrphidae","Syrphus","Syrphus vitripennis","GCA_958431115.1","Chromosome",39.0052246515509
"600","Insecta","Diptera","Brachycera","Tachinidae","Tachina","Tachina fera","GCA_905220375.1","Chromosome",68.072013820745
"601","Insecta","Odonata","Epiprocta","Petaluridae","Tanypteryx","Tanypteryx hageni","GCA_028673005.1","Chromosome",807.315809494449
"602","Insecta","Coleoptera","Polyphaga","Curculionidae","Taphrorychus","Taphrorychus bicolor","GCA_951812265.1","Chromosome",0.458877369163675
"603","Insecta","Coleoptera","Polyphaga","Tenebrionidae","Tenebrio","Tenebrio molitor","GCA_014282415.1","Contig",100
"604","Insecta","Mantodea","Eumantodea","Mantidae","Tenodera","Tenodera sinensis","GCA_030765045.1","Chromosome",1798
"605","Insecta","Hymenoptera",NA,"Tenthredinidae","Tenthredo","Tenthredo notha","GCA_914767705.2","Chromosome",56.0200756703715
"606","Insecta","Lepidoptera","Glossata","Drepanidae","Tethea","Tethea ocularis","GCA_963555595.1","Chromosome",146.33242621407
"607","Insecta","Lepidoptera","Glossata","Drepanidae","Tetheella","Tetheella fluctuosa","GCA_951216915.1","Chromosome",172.623479667447
"608","Insecta","Hymenoptera","Apocrita","Apidae","Tetragonula","Tetragonula carbonaria","GCA_010645115.1","Contig",5.66967740179525
"609","Insecta","Hymenoptera","Apocrita","Apidae","Tetragonula","Tetragonula mellipes","GCA_011634685.1","Contig",5.62544142196996
"610","Insecta","Hymenoptera","Apocrita","Apidae","Tetrapedia","Tetrapedia diversipes","GCA_033822845.1","Scaffold",62.3796076127114
"611","Insecta","Lepidoptera","Glossata","Noctuidae","Thalpophila","Thalpophila matura","GCA_948465475.1","Chromosome",202.986773930129
"612","Insecta","Lepidoptera","Glossata","Notodontidae","Thaumetopoea","Thaumetopoea pityocampa","GCA_017165845.1","Scaffold",172.623479667447
"613","Insecta","Lepidoptera","Glossata","Riodinidae","Theope","Theope publius","GCA_018237825.1","Contig",47.759
"614","Insecta","Lepidoptera","Glossata","Geometridae","Thera","Thera britannica","GCA_939531255.2","Chromosome",24.0603369030385
"615","Insecta","Lepidoptera","Glossata","Geometridae","Thera","Thera obeliscata","GCA_947578465.1","Chromosome",24.0603369030385
"616","Insecta","Lepidoptera","Glossata","Noctuidae","Tholera","Tholera decimalis","GCA_943138885.1","Chromosome",212.734280692286
"617","Insecta","Thysanoptera","Terebrantia","Thripidae","Thrips","Thrips palmi","GCF_012932325.1","Scaffold",0.01
"618","Insecta","Lepidoptera","Glossata","Erebidae","Thumatha","Thumatha senex","GCA_948477245.1","Chromosome",25.0461065602375
"619","Insecta","Lepidoptera","Glossata","Drepanidae","Thyatira","Thyatira batis","GCA_905147785.1","Chromosome",134.261507727253
"620","Insecta","Lepidoptera","Glossata","Hesperiidae","Thymelicus","Thymelicus acteon","GCA_951805285.1","Chromosome",30.548345
"621","Insecta","Lepidoptera","Glossata","Hesperiidae","Thymelicus","Thymelicus lineola","GCA_018251415.1","Contig",32.49221
"622","Insecta","Lepidoptera","Glossata","Hesperiidae","Thymelicus","Thymelicus sylvestris","GCA_911387775.1","Chromosome",38.0087815658397
"623","Insecta","Lepidoptera","Glossata","Noctuidae","Tiliacea","Tiliacea aurago","GCA_948098905.1","Chromosome",140.371527756814
"624","Insecta","Lepidoptera","Glossata","Noctuidae","Tiliacea","Tiliacea citrago","GCA_963921375.1","Chromosome",157.244271689835
"625","Insecta","Lepidoptera","Glossata","Geometridae","Timandra","Timandra comae","GCA_958496195.1","Chromosome",30.7214721526036
"626","Insecta","Hemiptera","Sternorrhyncha","Aleyrodidae","Trialeurodes","Trialeurodes vaporariorum","GCA_011764245.1","Scaffold",0.291249446745304
"627","Insecta","Coleoptera","Polyphaga","Tenebrionidae","Tribolium","Tribolium castaneum","GCF_000002335.2","Chromosome",3.44401021470414
"628","Insecta","Coleoptera","Polyphaga","Tenebrionidae","Tribolium","Tribolium confusum","GCA_019155225.1","Chromosome",2.45875759009266
"629","Insecta","Coleoptera","Polyphaga","Tenebrionidae","Tribolium","Tribolium freemani","GCA_022388455.1","Chromosome",11.8745540528094
"630","Insecta","Coleoptera","Polyphaga","Tenebrionidae","Tribolium","Tribolium madens","GCF_015345945.1","Scaffold",9.1630417100419
"631","Insecta","Hymenoptera","Apocrita","Trichogrammatidae","Trichogramma","Trichogramma evanescens","GCA_902732785.1","Scaffold",0.0433278808475171
"632","Insecta","Hymenoptera","Apocrita","Trichogrammatidae","Trichogramma","Trichogramma pretiosum","GCA_000599845.1","Scaffold",0.0173311523390068
"633","Insecta","Hymenoptera","Apocrita","Pteromalidae","Trichomalopsis","Trichomalopsis sarcophagae","GCA_002249905.1","Scaffold",0.953213378645377
"634","Insecta","Lepidoptera","Glossata","Noctuidae","Trichoplusia","Trichoplusia ni","GCF_003590095.1","Chromosome",157.244271689835
"635","Insecta","Lepidoptera","Glossata","Noctuidae","Trisateles","Trisateles emortualis","GCA_947095525.1","Chromosome",64.5909610809032
"636","Insecta","Hymenoptera","Apocrita","Scelionidae","Trissolcus","Trissolcus brochymenae","GCA_030523145.1","Scaffold",0.30329516593262
"637","Insecta","Lepidoptera","Glossata","Erebidae","Tyria","Tyria jacobaeae","GCA_947561695.1","Chromosome",121.85913463467
"638","Insecta","Lepidoptera","Glossata","Crambidae","Udea","Udea ferrugalis","GCA_950022985.1","Chromosome",11.8300567124655
"639","Insecta","Lepidoptera","Glossata","Crambidae","Udea","Udea olivalis","GCA_947369235.1","Chromosome",19.1246789408243
"640","Insecta","Lepidoptera","Glossata","Nymphalidae","Vanessa","Vanessa atalanta","GCA_905147765.1","Chromosome",82.42979
"641","Insecta","Lepidoptera","Glossata","Nymphalidae","Vanessa","Vanessa cardui","GCA_905220365.2","Chromosome",83.777675
"642","Insecta","Lepidoptera","Glossata","Geometridae","Venusia","Venusia cambrica","GCA_951394065.1","Chromosome",20.1590072699008
"643","Insecta","Diptera","Brachycera","Syrphidae","Volucella","Volucella bombylans","GCA_949129095.1","Chromosome",154.923882906233
"644","Insecta","Diptera","Brachycera","Syrphidae","Volucella","Volucella inflata","GCA_928272305.1","Chromosome",83.0412045638131
"645","Insecta","Lepidoptera","Glossata","Drepanidae","Watsonalla","Watsonalla binaria","GCA_929442735.1","Chromosome",92.6570616014677
"646","Insecta","Lepidoptera","Glossata","Noctuidae","Xanthia","Xanthia togata","GCA_963853775.1","Chromosome",132.246548705648
"647","Insecta","Diptera","Brachycera","Syrphidae","Xanthogramma","Xanthogramma pedissequum","GCA_910595825.1","Chromosome",44.5957078025238
"648","Insecta","Lepidoptera","Glossata","Geometridae","Xanthorhoe","Xanthorhoe designata","GCA_963582015.1","Chromosome",15.3445646178966
"649","Insecta","Lepidoptera","Glossata","Noctuidae","Xestia","Xestia ashworthii","GCA_950022955.1","Chromosome",1392.79409779259
"650","Insecta","Lepidoptera","Glossata","Noctuidae","Xestia","Xestia c-nigrum","GCA_916618015.1","Chromosome",1195.15957881703
"651","Insecta","Lepidoptera","Glossata","Noctuidae","Xestia","Xestia sexstrigata","GCA_941918905.2","Chromosome",1132.19671729915
"652","Insecta","Lepidoptera","Glossata","Noctuidae","Xestia","Xestia xanthographa","GCA_905147715.1","Chromosome",1070.70937130721
"653","Insecta","Lepidoptera","Glossata","Noctuidae","Xylocampa","Xylocampa areola","GCA_935421205.1","Chromosome",165.988820363766
"654","Insecta","Diptera","Brachycera","Syrphidae","Xylota","Xylota segnis","GCA_963583995.1","Chromosome",37.9107199959413
"655","Insecta","Diptera","Brachycera","Syrphidae","Xylota","Xylota sylvarum","GCA_905220385.1","Chromosome",72.1381024166083
"656","Insecta","Lepidoptera","Glossata","Papilionidae","Zerynthia","Zerynthia polyxena","GCA_018248055.1","Contig",63.929
"657","Insecta","Lepidoptera","Glossata","Cossidae","Zeuzera","Zeuzera pyrina","GCA_907165235.1","Chromosome",595.995165413451
"658","Insecta","Lepidoptera","Glossata","Zygaenidae","Zygaena","Zygaena filipendulae","GCA_907165275.1","Chromosome",84.2704332096113
